SOURCELONG:Dungeon Master's Guide	SOURCESHORT:DMG	SOURCEWEB:http://www.gozzilioni.net	SOURCEDATE:2024-11

###Block: Magical Weapon
Gauntlet (Clawed)			PROFICIENCY:WEAPON|Gauntlet (Clawed)	TYPE:Weapon.Melee.Unarmed.Slashing.Gauntlet	COST:0	WT:1	WIELD:Light		SIZE:M	DAMAGE:1d8	CRITRANGE:1	CRITMULT:x2	EQMOD:STEEL.M_LIGHT.PLUS1W	SOURCEPAGE:DMG									BONUS:EQM|WEIGHTADD|-1|PREEQUIP:1,TYPE.Armor

###Block:Type for EQMOD
Battleaxe.MOD	TYPE:Berserker
Greataxe.MOD	TYPE:Berserker
Halberd.MOD	TYPE:Berserker

Greatsword.MOD	TYPE:Dancing
Longsword.MOD	TYPE:Dancing
Rapier.MOD	TYPE:Dancing
Scimitar.MOD	TYPE:Dancing
Shortsword.MOD	TYPE:Dancing

Battleaxe.MOD	TYPE:Executioner
Greataxe.MOD	TYPE:Executioner
Halberd.MOD	TYPE:Executioner
Handaxe.MOD	TYPE:Executioner

Glaive.MOD	TYPE:Frost Brand
Greatsword.MOD	TYPE:Frost Brand
Longsword.MOD	TYPE:Frost Brand
Rapier.MOD	TYPE:Frost Brand
Scimitar.MOD	TYPE:Frost Brand
Shortsword.MOD	TYPE:Frost Brand

Maul.MOD	TYPE:Thunderbolts
Warhammer.MOD	TYPE:Thunderbolts

Glaive.MOD	TYPE:Luck Blade
Greatsword.MOD	TYPE:Luck Blade
Longsword.MOD	TYPE:Luck Blade
Rapier.MOD	TYPE:Luck Blade
Scimitar.MOD	TYPE:Luck Blade
Sickle.MOD	TYPE:Luck Blade
Shortsword.MOD	TYPE:Luck Blade

Greatsword.MOD	TYPE:Moonblade
Longsword.MOD	TYPE:Moonblade
Rapier.MOD	TYPE:Moonblade
Scimitar.MOD	TYPE:Moonblade
Shortsword.MOD	TYPE:Moonblade

Glaive.MOD	TYPE:Moontouched
Greatsword.MOD	TYPE:Moontouched
Longsword.MOD	TYPE:Moontouched
Rapier.MOD	TYPE:Moontouched
Scimitar.MOD	TYPE:Moontouched
Shortsword.MOD	TYPE:Moontouched

Longbow.MOD	TYPE:Oathbow
Shortbow.MOD	TYPE:Oathbow

###Block:Copy of base objects
Shield.COPY=Shield	KEY:Animated Shield
Animated Shield.MOD	OUTPUTNAME:Animated Shield

Plate Armor.COPY=Plate Armor	KEY:Armor of Invulnerability
Armor of Invulnerability.MOD	OUTPUTNAME:Armor of Invulnerability

Shield.COPY=Shield	KEY:Arrow-Catching Shield
Arrow-Catching Shield.MOD	OUTPUTNAME:Arrow-Catching Shield

Battleaxe.COPY=Battleaxe	KEY:Axe of the Dwarvish Lords
Axe of the Dwarvish Lords.MOD	OUTPUTNAME:Axe of the Dwarvish Lords

Greatsword.COPY=Greatsword	KEY:Blackrazor
Greatsword.MOD	OUTPUTNAME:Blackrazor

Dagger.COPY=Dagger	KEY:Dagger of Venom
Dagger of Venom.MOD	OUTPUTNAME:Dagger of Venom

#NOTE: This type os added to permit the EQMOD to choose type of dragonscale
Scale Mail.COPY=Scale Mail	KEY:Dragon Scale Mail
Dragon Scale Mail.MOD	OUTPUTNAME:Dragon Scale Mail	TYPE:DragonScale	MODS:YES

Plate Armor.COPY=Plate Armor	KEY:Dwarven Plate
Dwarven Plate.MOD	OUTPUTNAME:Dwarven Plate
Half Plate.COPY=Half Plate	KEY:Dwarven Half Plate
Dwarven Half Plate.MOD	OUTPUTNAME:Dwarven Half Plate

Warhammer.COPY=Warhammer	KEY:Dwarven Thrower
Dwarven Thrower.MOD	OUTPUTNAME:Dwarven Thrower

Chain Shirt.COPY=Chain Shirt	KEY:Efreeti Chain Shirt
Efreeti Chain Shirt.MOD	OUTPUTNAME:Efreeti Chain Shirt
Chain Mail.COPY=Chain Mail	KEY:Efreeti Chain Mail
Efreeti Chain Mail.MOD	OUTPUTNAME:Efreeti Chain Mail

Chain Shirt.COPY=Chain Shirt	KEY:Elven Chain Shirt
Elven Chain Shirt.MOD	OUTPUTNAME:Elven Chain Shirt
Chain Mail.COPY=Chain Mail	KEY:Elven Chain Mail
Elven Chain Mail.MOD	OUTPUTNAME:Elven Chain Mail

Longbow.COPY=Longbow	KEY:Energy Longbow
Energy Longbow.MOD	OUTPUTNAME:Energy Longbow
Shortbow.COPY=Shortbow	KEY:Energy Shortbow
Energy Shortbow.MOD	OUTPUTNAME:Energy Shortbow

Studded Leather Armor.COPY=Studded Leather Armor	KEY:Glamoured Studded Leather
Glamoured Studded Leather.MOD	OUTPUTNAME:Glamoured Studded Leather

Javelin.COPY=Javelin	KEY:Javelin of Lightning
Javelin of Lightning.MOD	OUTPUTNAME:Javelin of Lightning

Club.COPY=Club	KEY:Lute of Thunderous Thumping
Lute of Thunderous Thumping.MOD	OUTPUTNAME:Lute of Thunderous Thumping

Mace.COPY=Mace	KEY:Mace of Disruption
Mace of Disruption.MOD	OUTPUTNAME:Mace of Disruption
Mace.COPY=Mace	KEY:Mace of Smithing
Mace of Smithing.MOD	OUTPUTNAME:Mace of Smithing
Mace.COPY=Mace	KEY:Mace of Terror
Mace of Terror.MOD	OUTPUTNAME:Mace of Terror

Longbow.COPY=Longbow	KEY:Energy Longbow
Energy Longbow.MOD	OUTPUTNAME:Energy Longbow
Shortbow.COPY=Shortbow	KEY:Energy Shortbow
Energy Shortbow.MOD	OUTPUTNAME:Energy Shortbow

Plate Armor.COPY=Plate Armor	KEY:Plate Armor of Etherealnsess
Plate Armor of Etherealnsess.MOD	OUTPUTNAME:Plate Armor of Etherealnsess
Half Plate.COPY=Half Plate	KEY:Half Plate Armor of Etherealnsess
Half Plate Armor of Etherealnsess.MOD	OUTPUTNAME:Half Plate Armor of Etherealnsess

Quarterstaff.COPY=Quarterstaff	KEY:Quarterstaff of Acrobat
Quarterstaff of Acrobat.MOD	OUTPUTNAME:Quarterstaff of Acrobat

###Block: Magic Items
Alchemy Jug		TYPE:Wondrous Item.Container.Jug		WT:0.5	SOURCEPAGE:DMG	EQMOD:MAGIC_ITEM_UNCOMMON
Amulet of Health		TYPE:Wondrous Item.Neckwear.Attunement		WT:0	SOURCEPAGE:DMG	EQMOD:MAGIC_ITEM_RARE	SPROP:Your Constitution score is 19 while you wear this amulet. It has no effect on you if your Constitution is already 19 or higher.|PREABILITY:1,CATEGORY=Attunement,Amulet Of Health	DEFINE:Attunement_Amulet_Of_Health|0	BONUS:VAR|Attunement_Amulet_Of_Health|1	SPROP:Not attuned to Item|!PREABILITY:1,CATEGORY=Attunement,Amulet Of Health
Amulet of Proof against Detection and Location		TYPE:Wondrous Item.Neckwear.Attunement		WT:0	SOURCEPAGE:DMG	EQMOD:MAGIC_ITEM_UNCOMMON	SPROP:While wearing this amulet, you can’t be targeted by Divination spells or perceived through magical serying sensors unless you allow it.|PREABILITY:1,CATEGORY=Attunement,Amulet of Proof against Detection and Location	DEFINE:Attunement_Amulet_Of_Proof_Against_Detection|0	BONUS:VAR|Attunement_Amulet_Of_Proof_Against_Detection|1	SPROP:Not attuned to Item|!PREABILITY:1,CATEGORY=Attunement,Amulet Of Proof against Detection and Location
Amulet of the Planes		TYPE:Wondrous Item.Neckwear.Attunement		WT:0	SOURCEPAGE:DMG	EQMOD:MAGIC_ITEM_VERY_RARE	SPROP:While wearing this amulet, you can take a Magic action to name a location that you are familiar with on another plane of existence.|PREABILITY:1,CATEGORY=Attunement,Amulet Of the Planes	DEFINE:Attunement_Amulet_Of_The_Planes|0	BONUS:VAR|Attunement_Amulet_Of_The_Planes|1	SPROP:Not attuned to Item|!PREABILITY:1,CATEGORY=Attunement,Amulet Of the Planes
Animated Shield.MOD	TYPE:Wondrous Item.Attunement	EQMOD:MAGIC_ITEM_VERY_RARE	SPROP:While holding this Shield, you can take a Bonus Action to cause it to animate.|PREABILITY:1,CATEGORY=Attunement,Animated Shield	DEFINE:Attunement_Animated_Shield|0	BONUS:VAR|Attunement_Animated_Shield|1	SPROP:Not attuned to Item|!PREABILITY:1,CATEGORY=Attunement,Animated Shield
Apparatus of Kwalish		TYPE:Wondrous Item		WT:500	SOURCEPAGE:DMG	EQMOD:MAGIC_ITEM_LEGENDARY
Armor of Invulnerability.MOD	TYPE:Wondrous Item.Attunement	EQMOD:MAGIC_ITEM_LEGENDARY	SPROP:You have resistance to Bludgeoning, Piercing amd Slashing damage.|PREABILITY:1,CATEGORY=Attunement,Armor of Invulnerability	DEFINE:Attunement_Armor_Of_Invulnerability|0	BONUS:VAR|Attunement_Armor_Of_Invulnerability|1	SPROP:Not attuned to Item|!PREABILITY:1,CATEGORY=Attunement,Armor of Invulnerability
Arrow-Catching Shield.MOD	TYPE:Wondrous Item.Attunement	EQMOD:MAGIC_ITEM_RARE	SPROP:Attack rolls while you wield this Shield.|PREABILITY:1,CATEGORY=Attunement,Arrow-Catching Shield	DEFINE:Attunement_Arrow_Catching_Shield|0	BONUS:VAR|Attunement_Arrow_Catching_Shield|1	SPROP:Not attuned to Item|!PREABILITY:1,CATEGORY=Attunement,Arrow-Catching Shield
Axe of the Dwarvish Lords.MOD		TYPE:Wondrous Item.Attunement	EQMOD:MAGIC_ITEM_ARTIFACT.PLUS3W.M_THROWN.R_RANGE_3	QUALITY:RangeLongMult|3	QUALITY:ShortRange|20	QUALITY:LongRange|60	SPROP:The Axe of the Dwarvish Lords is a magic weapon that grants a +3 bonus to attack rolls and damage rolls made with it. &nl; Immunity to Poison damage and resistance to Fire damage. &nl; Conjure Earth Elemental. While holding the axe, you can take a Magic action to summon an Earth Elemental.|PREABILITY:1,CATEGORY=Attunement,Axe of the Dwarvish Lords	DEFINE:Attunement_Axe_Of_The_Dwarvish_Lords|0	BONUS:VAR|Attunement_Axe_Of_The_Dwarvish_Lords|1	SPROP:Not attuned to Item|!PREABILITY:1,CATEGORY=Attunement,Axe of the Dwarvish Lords
Baba Yaga's Dancing Broom		TYPE:Wondrous Item.Attunement		WT:0	SOURCEPAGE:DMG	EQMOD:MAGIC_ITEM_UNCOMMON	SPROP:While holding the broom, you can take a Magic action to transform it into an Animated Broom under your control.|PREABILITY:1,CATEGORY=Attunement,Baba Yaga's Dancing Broom	DEFINE:Attunement_Baba_Yaga_s_Dancing_Broom|0	BONUS:VAR|Attunement_Baba_Yaga_s_Dancing_Broom|1	SPROP:Not attuned to Item|!PREABILITY:1,CATEGORY=Attunement,Baba Yaga's Dancing Broom
Bag of Beans		TYPE:Wondrous Item		WT:0		SOURCEPAGE:DMG	EQMOD:MAGIC_ITEM_RARE
Bag of Devouring		TYPE:Wondrous Item.Container		WT:0		SOURCEPAGE:DMG	EQMOD:MAGIC_ITEM_VERY_RARE	CONTAINS:*30
Bag of Holding		TYPE:Wondrous Item.Container		WT:5		SOURCEPAGE:DMG	EQMOD:MAGIC_ITEM_VERY_RARE	CONTAINS:*500
Bag of Tricks (Grey)		TYPE:Wondrous Item		WT:0		SOURCEPAGE:DMG	EQMOD:MAGIC_ITEM_UNCOMMON
Bag of Tricks (Rust)		TYPE:Wondrous Item		WT:0		SOURCEPAGE:DMG	EQMOD:MAGIC_ITEM_UNCOMMON
Bag of Tricks (Tan)		TYPE:Wondrous Item		WT:0		SOURCEPAGE:DMG	EQMOD:MAGIC_ITEM_UNCOMMON
Bead of Force		TYPE:Wondrous Item		WT:0		SOURCEPAGE:DMG	EQMOD:MAGIC_ITEM_RARE
Bead of Nourishment		TYPE:Wondrous Item		WT:0		SOURCEPAGE:DMG	EQMOD:MAGIC_ITEM_COMMON
Bead of Refreshment		TYPE:Wondrous Item		WT:0		SOURCEPAGE:DMG	EQMOD:MAGIC_ITEM_COMMON
Belt of Dwarvenkind		TYPE:Wondrous Item.Belt.Attunement		WT:0	SOURCEPAGE:DMG	EQMOD:MAGIC_ITEM_RARE	BONUS:STAT|CON|2	ABILITY:Language|AUTOMATIC|Dwarvish	SPROP:You have Advantage on Charisma (Persuasion) checks made to interact with dwarves and duergar.	SPROP:You have Resistance to Poison damage. You also have Advantage on saving throws you make to avoid or end the Poisoned condition.|PREABILITY:1,CATEGORY=Attunement,Belt of Dwarvenkind	DEFINE:Attunement_Belt_Of_Dwarvenkind|0	BONUS:VAR|Attunement_Belt_Of_Dwarvenkind|1	SPROP:Not attuned to Item|!PREABILITY:1,CATEGORY=Attunement,Belt of Dwarvenkind
Belt of Giant Strength (Hill)		TYPE:Wondrous Item.Belt.Attunement		WT:0	SOURCEPAGE:DMG	EQMOD:MAGIC_ITEM_RARE	SPROP:Your Strength score is 21 while you wear this belt. It has no effect on you if your Strength is already 21 or higher.|PREABILITY:1,CATEGORY=Attunement,Belt of Giant Strength (Hill)	DEFINE:Attunement_Belt_Of_Giant_Strength_Hill|0	BONUS:VAR|Attunement_Belt_Of_Giant_Strength_Hill|1	SPROP:Not attuned to Item|!PREABILITY:1,CATEGORY=Attunement,Belt of Giant Strength (Hill)
Belt of Giant Strength (Frost)		TYPE:Wondrous Item.Belt.Attunement		WT:0	SOURCEPAGE:DMG	EQMOD:MAGIC_ITEM_RARE	SPROP:Your Strength score is 23 while you wear this belt. It has no effect on you if your Strength is already 23 or higher.|PREABILITY:1,CATEGORY=Attunement,Belt of Giant Strength (Frost)	DEFINE:Attunement_Belt_Of_Giant_Strength_Frost|0	BONUS:VAR|Attunement_Belt_Of_Giant_Strength_Frost|1	SPROP:Not attuned to Item|!PREABILITY:1,CATEGORY=Attunement,Belt of Giant Strength (Frost)
Belt of Giant Strength (Fire)		TYPE:Wondrous Item.Belt.Attunement		WT:0	SOURCEPAGE:DMG	EQMOD:MAGIC_ITEM_RARE	SPROP:Your Strength score is 25 while you wear this belt. It has no effect on you if your Strength is already 25 or higher.|PREABILITY:1,CATEGORY=Attunement,Belt of Giant Strength (Fire)	DEFINE:Attunement_Belt_Of_Giant_Strength_Fire|0	BONUS:VAR|Attunement_Belt_Of_Giant_Strength_Fire|1	SPROP:Not attuned to Item|!PREABILITY:1,CATEGORY=Attunement,Belt of Giant Strength (Fire)
Belt of Giant Strength (Cloud)		TYPE:Wondrous Item.Belt.Attunement		WT:0	SOURCEPAGE:DMG	EQMOD:MAGIC_ITEM_RARE	SPROP:Your Strength score is 27 while you wear this belt. It has no effect on you if your Strength is already 27 or higher.|PREABILITY:1,CATEGORY=Attunement,Belt of Giant Strength (Cloud)	DEFINE:Attunement_Belt_Of_Giant_Strength_Cloud|0	BONUS:VAR|Attunement_Belt_Of_Giant_Strength_Cloud|1	SPROP:Not attuned to Item|!PREABILITY:1,CATEGORY=Attunement,Belt of Giant Strength (Cloud)
Belt of Giant Strength (Storm)		TYPE:Wondrous Item.Belt.Attunement		WT:0	SOURCEPAGE:DMG	EQMOD:MAGIC_ITEM_RARE	SPROP:Your Strength score is 29 while you wear this belt. It has no effect on you if your Strength is already 29 or higher.|PREABILITY:1,CATEGORY=Attunement,Belt of Giant Strength (Storm)	DEFINE:Attunement_Belt_Of_Giant_Strength_Storm|0	BONUS:VAR|Attunement_Belt_Of_Giant_Strength_Storm|1	SPROP:Not attuned to Item|!PREABILITY:1,CATEGORY=Attunement,Belt of Giant Strength (Storm)
Blackrazor.MOD		TYPE:Wondrous Item.Attunement	EQMOD:MAGIC_ITEM_ARTIFACT.PLUS3W.INT_ITEM.INT_ITEM_ALIGN_CN.INT_ITEM_INT_17.INT_ITEM_WIS_10.INT_ITEM_CHA_19.INT_ITEM_SENSE_4.INT_ITEM_LANG_3|Common.INT_ITEM_PURPOSE_SOUL	SPROP:The Blackrazor is a magic weapon that grants a +3 bonus to attack rolls and damage rolls made with it. &nl; Against Undead you take 1d10 Necrotic damage and target regain 1d10 hp. &nl; Immunity to Charmed and Frightened.	SPELLS:Blackrazor|TIMES=1|CASTERLEVEL=1|Haste	SPROP:Not attuned to Item|!PREABILITY:1,CATEGORY=Attunement,Blackrazor	DEFINE:Attunement_Blackrazor|0	BONUS:VAR|Attunement_Blackrazor|1	SPROP:Not attuned to Item|!PREABILITY:1,CATEGORY=Attunement,Blackrazor
Book of Exalted Deeds		TYPE:Wondrous Item.Book.Attunement		WT:0	SOURCEPAGE:DMG	EQMOD:MAGIC_ITEM_ARTIFACT	SPROP:While attuned to the book, you have Immunity to the Charmed and Frightened conditions and Resistance to Psychic damage.|PREABILITY:1,CATEGORY=Attunement,Book of Exalted Deeds
Book of Vile Darkness		TYPE:Wondrous Item.Book.Attunement		WT:0	SOURCEPAGE:DMG	EQMOD:MAGIC_ITEM_ARTIFACT	SPROP:.|PREABILITY:1,CATEGORY=Attunement,Book of Vile Darkness	DEFINE:Attunement_Book_of_Vile_Darkness|0	BONUS:VAR|Attunement_Book_of_Vile_Darkness|1	SPROP:Not attuned to Item|!PREABILITY:1,CATEGORY=Attunement,Book of Vile Darkness
Boots of Elvenkind		TYPE:Wondrous Item.Boot.Attunement		WT:0	SOURCEPAGE:DMG	SLOTS:2	EQMOD:MAGIC_ITEM_UNCOMMON	SPROP:While you wear these boots, your steps make no sound, regardless of the surface you are moving across. You also have Advantage on Dexterity (Stealth) checks.
Boots of Flase Tracks		TYPE:Wondrous Item.Boot.Attunement		WT:0	SOURCEPAGE:DMG	SLOTS:2	EQMOD:MAGIC_ITEM_COMMON	SPROP:While wearing these boots, you can have them leave tracks like those of any kind of Humanoid of your size.|PREABILITY:1,CATEGORY=Attunement,Boots of False Tracks	DEFINE:Attunement_Boots_Of_False_Tracks|0	BONUS:VAR|Attunement_Boots_Of_False_Tracks|1	SPROP:Not attuned to Item|!PREABILITY:1,CATEGORY=Attunement,Boots of False Tracks
Boots of Levitation		TYPE:Wondrous Item.Boot.Attunement		WT:0	SOURCEPAGE:DMG	SLOTS:2	EQMOD:MAGIC_ITEM_RARE	SPROP:While you wear these boots, you can cast Levitate on yourself.|PREABILITY:1,CATEGORY=Attunement,Boots of Levitation	DEFINE:Attunement_Boots_Of_Levitation|0	BONUS:VAR|Attunement_Boots_Of_Levitation|1	SPROP:Not attuned to Item|!PREABILITY:1,CATEGORY=Attunement,Boots of Levitation
Boots of Speed		TYPE:Wondrous Item.Boot.Attunement		WT:0	SOURCEPAGE:DMG	SLOTS:2	EQMOD:MAGIC_ITEM_RARE	SPROP:While you wear these boots, you can take a Bonus Action to click the boots' heels together. If you do, the boots double your Speed, and any creature that makes an Opportunity Attack against you has Disadvantage on the attack roll. Ify ou click your heels together again, you end the effect. When you've used the boots' property for a total of 10 minutes, the magic ceases to function for you until you finish a Long Rest.|PREABILITY:1,CATEGORY=Attunement,Boots of Speed	DEFINE:Attunement_Boots_of_Speed|0	BONUS:VAR|Attunement_Boots_of_Speed|1	SPROP:Not attuned to Item|!PREABILITY:1,CATEGORY=Attunement,Boots of Speed
Boots of Striding and Springing		TYPE:Wondrous Item.Boot.Attunement		WT:0	SOURCEPAGE:DMG	SLOTS:2	EQMOD:MAGIC_ITEM_UNCOMMON	SPROP:While you wear these boots, your Speed becomes 30 feet or higher.|PREABILITY:1,CATEGORY=Attunement,Boots of Striding and Springing	DEFINE:Attunement_Boots_Of_Striding_And_Springing|0	BONUS:VAR|Attunement_Boots_Of_Striding_And_Springing|1	SPROP:Not attuned to Item|!PREABILITY:1,CATEGORY=Attunement,Boots of Striding and Springing
Boots of the Winterlands		TYPE:Wondrous Item.Boot.Attunement		WT:0	SOURCEPAGE:DMG	SLOTS:2	EQMOD:MAGIC_ITEM_UNCOMMON	SPROP:These furred boots are snug and feel warm. &nl; Cold Resistance: You have Resistance to Cold. &nl; Winter Strider: You ignore Difficult Terrain created by ice or snow.|PREABILITY:1,CATEGORY=Attunement,Boots of Winterlands	DEFINE:Attunement_Boots_Of_Winterlands|0	BONUS:VAR|Attunement_Boots_Of_Winterlands|0|1	SPROP:Not attuned to Item|!PREABILITY:1,CATEGORY=Attunement,Boots of Winterlands
Bowl of Commanding Water Elementals		TYPE:Wondrous Item		WT:3	SOURCEPAGE:DMG	EQMOD:MAGIC_ITEM_RARE	SPROP:While this bow is filled with water and you are within 5 feet of it, you can take a Magic action to summon a Water Elemental.
Bracers of Archery		TYPE:Wondrous Item.Bracer.Attunement		WT:0	SOURCEPAGE:DMG	SLOTS:2	EQMOD:MAGIC_ITEM_UNCOMMON	SPROP:While wearing these bracers, you have proficiency with the Longbow and Shortbow, and you gain a +2 bonus to damage rolls made with such weapons.|PREABILITY:1,CATEGORY=Attunement,Bracers of Archery	DEFINE:Attunement_Bracers_Of_Archery|0	BONUS:VAR|Attunement_Bracers_Of_Archery|1	SPROP:Not attuned to Item|!PREABILITY:1,CATEGORY=Attunement,Bracers of Archery
Bracers of Defence		TYPE:Wondrous Item.Bracer.Attunement		WT:0	SOURCEPAGE:DMG	EQMOD:MAGIC_ITEM_RARE	SPROP:While wearing these bracers, you gain a +2 bonus to Armor Class if you are wearing no armor and using no Shield.|PREABILITY:1,CATEGORY=Attunement,Bracers of Defence	DEFINE:Attunement_Bracers_Of_Defence|0	BONUS:VAR|Attunement_Bracers_Of_Defence|1	SPROP:Not attuned to Item|!PREABILITY:1,CATEGORY=Attunement,Bracers of Defense
Brazier of Commanding Fire Elementals		TYPE:Wondrous Item		WT:3	SOURCEPAGE:DMG	EQMOD:MAGIC_ITEM_RARE	SPROP:While you are within 5 feet of this brazier, you can take a Magic action to summon a Fire Elemental.
Brooch of Shielding		TYPE:Wondrous Item.Neckwear.Attunement		WT:0	SOURCEPAGE:DMG	EQMOD:MAGIC_ITEM_UNCOMMON	SPROP:While wearing this brooch, you have Resistance to Force damage, and you have Immunity to damage from the Magic Missile spell.|PREABILITY:1,CATEGORY=Attunement,Brooch of Shielding	DEFINE:Attunement_Brooch_Of_Shielding|0	BONUS:VAR|Attunement_Brooch_Of_Shielding|1	SPROP:Not attuned to Item|!PREABILITY:1,CATEGORY=Attunement,Brooch of Shielding
Broom of Flying		TYPE:Wondrous Item.Container.Attunement		WT:0	SOURCEPAGE:DMG	EQMOD:MAGIC_ITEM_UNCOMMON	SPROP:This wooden broom functions like a mundane broom until you stand astride it and take a Magic action to make it hover beneath you, at which time it can be ridden in the air.|PREABILITY:1,CATEGORY=Attunement,Broom of Flying	DEFINE:Attunement_Broom_Of_Flying|0	BONUS:VAR|Attunement_Broom_Of_Flying|1	SPROP:Not attuned to Item|!PREABILITY:1,CATEGORY=Attunement,Broom of Flying	CONTAINS:400
Candle of Invocation		TYPE:Wondrous Item		WT:0	SOURCEPAGE:DMG	EQMOD:MAGIC_ITEM_VERY_RARE	SPROP:While you are within that light, you have Advantage on D20 Tests. In addition, a Cleric or Druid in the light can cast level 1 spells they have prepared without expending spell slots.|PREABILITY:1,CATEGORY=Attunement,Candle of Invocation	DEFINE:Attunement_Candle_Of_Invocation|0	BONUS:VAR|Attunement_Candle_Of_Invocation|1	SPROP:Not attuned to Item|!PREABILITY:1,CATEGORY=Attunement,Candle of Invocation	QUALITY:Bright Illumination|5 ft.	QUALITY:Shadowy Illumination|5 ft.
Candle of the Deep		TYPE:Wondrous Item		WT:0	SOURCEPAGE:DMG	EQMOD:MAGIC_ITEM_COMMON	SPROP:The flame of this candle isn't extinguished when immersed in water.QUALITY:Bright Illumination|5 ft.	QUALITY:Shadowy Illumination|5 ft.
Cape of the Mountebank		TYPE:Wondrous Item.Cape		WT:0	SOURCEPAGE:DMG	EQMOD:MAGIC_ITEM_RARE	SPROP:While wearing it, you can use it to cast Dimension Door as a Magic action.	SPROP:Cape of Mountebank|TIMES=1|CASTERLEVEL=1|Dimension Door
Cap of Water Breathing		TYPE:Wondrous Item.Headgear		WT:0	SOURCEPAGE:DMG	EQMOD:MAGIC_ITEM_UNCOMMON	SPROP:While wearing this cap underwater, you can take a Magic action to create a bubble of air around your head.
Carpet of Flying		TYPE:Wondrous Item		WT:0	SOURCEPAGE:DMG	EQMOD:MAGIC_ITEM_VERY_RARE	SPROP:You can make this carpet hover and fly by taking a Magic action and using the carpet’s command word.
Cauldron of Rebirth		TYPE:Wondrous Item.Focus.Druidic Focus.Arcane Focus.Attunement		WT:0	SOURCEPAGE:DMG	EQMOD:MAGIC_ITEM_VERY_RARE	SPROP:This Tiny pot bears relief scenes of heroes on it cast-iron sides.|PREABILITY:1,CATEGORY=Attunement,Cauldron of Rebirth	DEFINE:Attunement_Cauldron_Of_Rebirth|0	BONUS:VAR|Attunement_Cauldron_Of_Rebirth|1	SPROP:Not attuned to Item|!PREABILITY:1,CATEGORY=Attunement,Cauldron of Rebirth
Censer of Controlling Air Elementals		TYPE:Wondrous Item		WT:0	SOURCEPAGE:DMG	EQMOD:MAGIC_ITEM_RARE	SPROP:While gently swinging this censer, you can take a Magic action to summon an Air Elemental.
Charlathan's Die		TYPE:Wondrous Item.Gaming Sets.Attunement		WT:0	SOURCEPAGE:DMG	EQMOD:MAGIC_ITEM_COMMON	SPROP:Whenever you roll this six-sided die, you can control which number it rolls.|PREABILITY:1,CATEGORY=Attunement,Charlathan's Die	DEFINE:Attunement_Charlathan_S_Die|0	BONUS:VAR|Attunement_Charlathan_S_Die|1	SPROP:Not attuned to Item|!PREABILITY:1,CATEGORY=Attunement,Charlathan's Die
Chime of Opening		TYPE:Wondrous Item.Consumable		WT:0	SOURCEPAGE:DMG	EQMOD:MAGIC_ITEM_RARE.CHARGED_ITEM_10|10	SPROP:As a Magic action, you can strike the chime to cast Knock.	SPELLS:Chime of Opening|TIMES=ATWILL|CASTERLEVEL=1|Knock
Circlet of Blasting		TYPE:Wondrous Item.Headgear.Attunement		WT:0	SOURCEPAGE:DMG	EQMOD:MAGIC_ITEM_UNCOMMON	SPROP:While wearing this circlet, you can cast Scorching Ray with it (+5 to hit).	SPELLS:Circlet of Blasting|TIMES=1|CASTERLEVEL=1|Scorching Ray
Cloak of Arachnida		TYPE:Wondrous Item.Cape.Attunement		WT:0	SOURCEPAGE:DMG	EQMOD:MAGIC_ITEM_VERY_RARE	SPROP:This fine garment is made of black silk interwoven with faint, silvery threads. &nl; You have Resistance to Poison damage.|PREABILITY:1,CATEGORY=Attunement,Cloak of Arachnida	DEFINE:Attunement_Cloak_Of_Arachnida|0	BONUS:VAR|Attunement_Cloak_Of_Arachnida|1	SPROP:Not attuned to Item|!PREABILITY:1,CATEGORY=Attunement,Cloak of Arachnida		
Cloak of Billowing		TYPE:Wondrous Item.Cape		WT:0	SOURCEPAGE:DMG	EQMOD:MAGIC_ITEM_COMMON	SPROP:While wearing this cloak, you can take a Bonus Action to make it billow dramatically for 1 minute.
Cloak of Displacement		TYPE:Wondrous Item.Cape.Attunement		WT:0	SOURCEPAGE:DMG	EQMOD:MAGIC_ITEM_RARE	SPROP:While you wear this cloak, it magically projects an illusion that makes you appear to be standing in a place near your actual location, causing any creature to have Disadvantage on attack rolls against you.|PREABILITY:1,CATEGORY=Attunement,Cloak_Of_Displacement	DEFINE:Attunement_Cloak of Displacement|0	BONUS:VAR|Attunement_Cloak_Of_Displacement|1	SPROP:Not attuned to Item|!PREABILITY:1,CATEGORY=Attunement,Cloak of Displacement
Cloak of Elvenkind		TYPE:Wondrous Item.Cape.Attunement		WT:0	SOURCEPAGE:DMG	EQMOD:MAGIC_ITEM_UNCOMMON	SPROP:While you wear this cloak, Wisdom (Perception) checks made to perceive you have Disadvantage, and you have Advantage on Dexterity (Stealth) checks.|PREABILITY:1,CATEGORY=Attunement,Cloak of Elvenkind	DEFINE:Attunement_Cloak_Of_Elvenkind|0	BONUS:VAR|Attunement_Cloak_Of_Elvenkind|1	SPROP:Not attuned to Item|!PREABILITY:1,CATEGORY=Attunement,Cloak of Elvenkind
Cloak of Invisibility		TYPE:Wondrous Item.Cape.Attunement		WT:0	SOURCEPAGE:DMG	EQMOD:MAGIC_ITEM_LEGENDARY.CHARGED_ITEM_3|3	SPROP:While wearing the cloak, you can take a Magic action to pull its hood over your head and expend 1 charge to give yourself the Invisible condition for 1 hour.|PREABILITY:1,CATEGORY=Attunement,Cloak of Invisibility	DEFINE:Attunement_Cloak_Of_Invisibility|0	BONUS:VAR|Attunement_Cloak_Of_Invisibility|1	SPROP:Not attuned to Item|!PREABILITY:1,CATEGORY=Attunement,Cloak of Invisibility
Cloak of Many Fashions		TYPE:Wondrous Item.Cape		WT:0	SOURCEPAGE:DMG	EQMOD:MAGIC_ITEM_COMMON	SPROP:While wearing this cloak, you can take a Bonus Action to change the style, color, and apparent quality of the garment.
Cloak of Protection		TYPE:Wondrous Item.Cape.Attunement		WT:0	SOURCEPAGE:DMG	EQMOD:MAGIC_ITEM_UNCOMMON	SPROP:You gain a +1 bonus to Armor Class and saving throws while you wear this cloak.|PREABILITY:1,CATEGORY=Attunement,Cloak of Protection	DEFINE:Attunement_Cloak_Of_Protection|0	BONUS:VAR|Attunement_Cloak_Of_Protection|1	SPROP:Not attuned to Item|!PREABILITY:1,CATEGORY=Attunement,Cloak of Protection
Cloak of the Bat		TYPE:Wondrous Item.Cape.Attunement		WT:0	SOURCEPAGE:DMG	EQMOD:MAGIC_ITEM_RARE	SPROP:While wearing this cloak, you have Advantage on Dexterity (Stealth) checks.|PREABILITY:1,CATEGORY=Attunement,Cloak of the Bat	DEFINE:Attunement_Cloak_Of_The_Bat|0	BONUS:VAR|Attunement_Cloak_Of_The_Bat|1	SPROP:Not attuned to Item|!PREABILITY:1,CATEGORY=Attunement,Cloak of the Bat
Cloak of the Manta Ray		TYPE:Wondrous Item.Cape.Attunement		WT:0	SOURCEPAGE:DMG	EQMOD:MAGIC_ITEM_UNCOMMON	SPROP:While wearing this cloak, you can breathe underwater, and you have a Swim Speed of 60 feet.|PREABILITY:1,CATEGORY=Attunement,Cloak of the Manta Ray	DEFINE:Attunement_Cloak_Of_The_Manta_Ray|0	BONUS:VAR|Attunement_Cloak_Of_The_Manta_Ray|1	SPROP:Not attuned to Item|!PREABILITY:1,CATEGORY=Attunement,Cloak of the Manta Ray
Clockwork Amulet		TYPE:Wondrous Item.Amulet.Attunement		WT:0	SOURCEPAGE:DMG	EQMOD:MAGIC_ITEM_COMMON	SPROP:This copper amulet contains tiny interlocking gears and is powered by magic from Mechanus, a plane of clockwork predictability.
Clothes of Mending		TYPE:Wondrous Item.Clothing		WT:0	SOURCEPAGE:DMG	EQMOD:MAGIC_ITEM_COMMON	SPROP:This elegant outfit magically mends itself to counteract daily wear and tear. Pieces of the outfit that are destroyed can't be repaired in this way.
Crystal Ball		TYPE:Wondrous Item.Crystal Ball.Attunement		WT:0	SOURCEPAGE:DMG	EQMOD:MAGIC_ITEM_VERY_RARE	SPROP:While touching this crystal orb, you can cast Scrying (save DC 17) with it.|PREABILITY:1,CATEGORY=Attunement,Crystal Ball	DEFINE:Attunement_Crystal_Ball|0	BONUS:VAR|Attunement_Crystal_Ball|1	SPROP:Not attuned to Item|!PREABILITY:1,CATEGORY=Attunement,Crystal Ball
Crystal Ball of Mind Reading		TYPE:Wondrous Item.Crystal Ball.Attunement		WT:0	SOURCEPAGE:DMG	EQMOD:MAGIC_ITEM_LEGENDARY	SPROP:While touching this crystal orb, you can cast Scrying (save DC 17) with it. In addition, you can cast Detect Thoughts (save DC 17) targeting creatures you can see within 30 feet of the spell’s sensor. You don't need to concentrate on this Detect Thoughts.|PREABILITY:1,CATEGORY=Attunement,Crystal Ball of Mind Reading	DEFINE:Attunement_Crystal_Ball_Of_Mind_Reading|0	BONUS:VAR|Attunement_Crystal_Ball_Of_Mind_Reading|1	SPROP:Not attuned to Item|!PREABILITY:1,CATEGORY=Attunement,Crystal Ball of Mind Reading
Crystal Ball of Telepathy		TYPE:Wondrous Item.Crystal Ball.Attunement		WT:0	SOURCEPAGE:DMG	EQMOD:MAGIC_ITEM_LEGENDARY	SPROP:While touching this crystal orb, you can cast Scrying (save DC 17) with it. In addition, you can comunicate telepathically with creatures you can see within 30 feet of the spell’s sensor. You can also cast Suggestion (save DC 17) through the sensor on one of those creatures.|PREABILITY:1,CATEGORY=Attunement,Crystal Ball of Telepaty	DEFINE:Attunement_Crystal_Ball_Of_Telepathy|0	BONUS:VAR|Attunement_Crystal_Ball_Of_Telepathy|1	SPROP:Not attuned to Item|!PREABILITY:1,CATEGORY=Attunement,Crystal Ball of Telepathy
Crystal Ball of True Seeing		TYPE:Wondrous Item.Crystal Ball.Attunement		WT:0	SOURCEPAGE:DMG	EQMOD:MAGIC_ITEM_LEGENDARY	SPROP:While touching this crystal orb, you can cast Scrying (save DC 17) with it. In addition, you have Truesight with a range of 120 feet centered on the spell's sensor.|PREABILITY:1,CATEGORY=Attunement,Crystal Ball of True Seeing	DEFINE:Attunement_Crystal_Ball_Of_True_Seeing|0	BONUS:VAR|Attunement_Crystal_Ball_Of_True_Seeing|1	SPROP:Not attuned to Item|!PREABILITY:1,CATEGORY=Attunement,Crystal Ball of True Seeing
Cube of Force		TYPE:Wondrous Item.Attunement		WT:0	SOURCEPAGE:DMG	EQMOD:MAGIC_ITEM_RARE.CHARGED_ITEM_10|10	SPROP:This cube is about an inch across. Each face has a distinct marking on it.|PREABILITY:1,CATEGORY=Attunement,Cube of Force	DEFINE:Attunement_Cube_Of_Force|0	BONUS:VAR|Attunement_Cube_Of_Force|1	SPROP:Not attuned to Item|!PREABILITY:1,CATEGORY=Attunement,Cube of Force
Cube of Summoning		TYPE:Wondrous Item		WT:0	SOURCEPAGE:DMG	EQMOD:MAGIC_ITEM_RARE	SPROP:This Tiny cube looks like a jack-in-the-box.
Cubic Gate		TYPE:Wondrous Item		WT:0	SOURCEPAGE:DMG	EQMOD:MAGIC_ITEM_LEGENDARY.CHARGED_ITEM_3|3	SPROP:This cube is 3 inches across and radiates palpable magical energy.
Daern's Instant Fortress		TYPE:Wondrous Item.Attunement		WT:0	SOURCEPAGE:DMG	EQMOD:MAGIC_ITEM_RARE	SPROP:As a Magic Action, you can place this 1-inch adamantine statuette on the ground and, using a command word, cause it to grow rapidly into a square adamantine tower.|PREABILITY:1,CATEGORY=Attunement,Daern's Instant Fortress	DEFINE:Attunement_Daern_S_Instant_Fortress|0	BONUS:VAR|Attunement_Daern_S_Instant_Fortress|1	SPROP:Not attuned to Item|!PREABILITY:1,CATEGORY=Attunement,Daern's Instant Fortress
Dagger of Venom.MOD		TYPE:Wondrous Item.Attunement	EQMOD:MAGIC_ITEM_RARE.PLUS1W	SPROP:You gain a +1 bonus to attack rolls and damage rolls made with this magic weapon. You can take a Bonus Action to magically coat the blade with poison.|PREABILITY:1,CATEGORY=Attunement,Dagger of Venom	DEFINE:Attunement_Dagger_Of_Venom|0	BONUS:VAR|Attunement_Dagger_Of_Venom|1	SPROP:Not attuned to Item|!PREABILITY:1,CATEGORY=Attunement,Dagger of Venom
Dark Shard Amulet		TYPE:Wondrous Item.Amulet.Focus.Arcane Focus.Attunement		WT:0	SOURCEPAGE:DMG	EQMOD:MAGIC_ITEM_COMMON	SPROP:This amulet is fashioned from a shard of resilient material originating from an otherworldly realm..|PREABILITY:1,CATEGORY=Attunement,Dark Shard Amulet	DEFINE:Attunement_Dark_Shard_Amulet|0	BONUS:VAR|Attunement_Dark_Shard_Amulet|1	SPROP:Not attuned to Item|!PREABILITY:1,CATEGORY=Attunement,dark Shard Amulet
Decanter of Endless Water		TYPE:Wondrous Item.Attunement		WT:2	SOURCEPAGE:DMG	EQMOD:MAGIC_ITEM_UNCOMMON	SPROP:This stoppered flask sloshes when shaken, as if it contains water.|PREABILITY:1,CATEGORY=Attunement,Decanter of Endless Water	DEFINE:Attunement_Decanter_Of_Endless_Water|0	BONUS:VAR|Attunement_Decanter_Of_Endless_Water|1	SPROP:Not attuned to Item|!PREABILITY:1,CATEGORY=Attunement,Decanter of Endless Water
Deck of Illusions		TYPE:Wondrous Item.Gaming Sets.Attunement		WT:0	SOURCEPAGE:DMG	EQMOD:MAGIC_ITEM_UNCOMMON	SPROP:This box contains a set of cards.
Deck of Many Things		TYPE:Wondrous Item.Gaming Sets.Attunement		WT:0	SOURCEPAGE:DMG	EQMOD:MAGIC_ITEM_LEGENDARY	SPROP:Usually found in a box or pouch, this deck contains a number of cards made of ivory or vellum.
Demonomicon of Iggwilv		TYPE:Wondrous Item.Book.Attunement		WT:0	SOURCEPAGE:DMG	EQMOD:MAGIC_ITEM_ARTIFACT	SPROP:This treatise, composed by Iggwilv the archmage, documents the Abyss's layers and inhabitants and is widely regarded as the most thorough and blasphemous tome of demonology in the multiverse.|PREABILITY:1,CATEGORY=Attunement,Demonomicon of Iggwilv	DEFINE:Attunement_Demonomicon_Of_Iggwilv|0	BONUS:VAR|Attunement_Demonomicon_Of_Iggwilv|1	SPROP:Not attuned to Item|!PREABILITY:1,CATEGORY=Attunement,Demonomicon of Iggwilv
Dimensional Shackles		TYPE:Wondrous Item.Bracer		WT:0	SOURCEPAGE:DMG	EQMOD:MAGIC_ITEM_RARE	SLOTS:2	SPROP:You can take a Utilize action to place these shackles on a creature that has the Incapacitated condition.
Dragon Scale Mail.MOD		TYPE:Wondrous Item.Attunement	EQMOD:MAGIC_ITEM_VERY_RARE.PLUS1A	SPROP:Dragon Scale Mail is made of the scales of one kind of dragon. Sometimes dragons collect their cast-off scales and gift them.|PREABILITY:1,CATEGORY=Attunement,Dragon Scale Mail	DEFINE:Attunement_Dragon_Scale_Mail|0	BONUS:VAR|Attunement_Dragon_Scale_Mail|1	SPROP:Not attuned to Item|!PREABILITY:1,CATEGORY=Attunement,Dragon Scale Mail
Dread Helm		TYPE:Wondrous Item.Headgear		WT:0	SOURCEPAGE:DMG	EQMOD:MAGIC_ITEM_COMMON	SPROP:While you're wearing this fearsome steel helm, your eyes glow red and the rest of your face is hidden in shadow.
Drift Globe		TYPE:Wondrous Item		WT:1	SOURCEPAGE:DMG	EQMOD:MAGIC_ITEM_UNCOMMON		SPELLS:Drift Globe|TIMES=ATWILL|CASTERLEVEL=1|Light	SPELLS:Drift Globe|TIMES=1|CASTERLEVEL=1|Daylight
Dust of Disappearance		TYPE:Wondrous Item.Consumable		WT:0	SOURCEPAGE:DMG	EQMOD:MAGIC_ITEM_UNCOMMON	SPROP:When you take a Utilize action to throw the dust into the air, you and each creature and object within a 10-foot Emanation originating from you have the Invisible condition for 2d4 minutes.
Dust of Dryness		TYPE:Wondrous Item.Consumable		WT:0	SOURCEPAGE:DMG	EQMOD:MAGIC_ITEM_UNCOMMON	SPROP:dust over water, turning up to a 15-foot Cube of water into one marble-sized pellet, which floats or rests near where the dust was sprinkled.
Dust of Sneezing and Choking		TYPE:Wondrous Item.Consumable		WT:0	SOURCEPAGE:DMG	EQMOD:MAGIC_ITEM_UNCOMMON	SPROP:Asa Utilize action, you can throw the dust into the air, forcing yourself and every creature in a 30-foot Emanation originating from you to make a DC 15 Constitution saving throw.
Dwarven Plate.MOD		TYPE:Wondrous Item	EQMOD:MAGIC_ITEM_VERY_RARE.PLUS2A	SPROP:While wearing this armor, you gain a +2 bonus to Armor Class. In addition, if an effect moves you against your will along the ground, you can take a Reaction to reduce the distance you are moved by up to 10 feet.
Dwarven Half Plate.MOD		TYPE:Wondrous Item	EQMOD:MAGIC_ITEM_VERY_RARE.PLUS2A	SPROP:While wearing this armor, you gain a +2 bonus to Armor Class. In addition, if an effect moves you against your will along the ground, you can take a Reaction to reduce the distance you are moved by up to 10 feet.
Dwarven Thrower.MOD		TYPE:Wondrous Item.Attunement	EQMOD:MAGIC_ITEM_VERY_RARE.PLUS3W	SPROP:You gain a +3 bonus to attack rolls and damage rolls made with this magic weapon. It has the Thrown property with a normal range of 20 feet and a long range of 60 feet.|PREABILITY:1,CATEGORY=Attunement,Dwarven Thrower	DEFINE:Attunement_Dwarven_Thrower|0	BONUS:VAR|Attunement_Dwarven_Thrower|1	SPROP:Not attuned to Item|!PREABILITY:1,CATEGORY=Attunement,Dwarven Thrower
Ear Horn of Hearing		TYPE:Wondrous Item		WT:0	SOURCEPAGE:DMG	EQMOD:MAGIC_ITEM_COMMON	SPROP:While held up to your ear, this horn suppresses the effects of the Deafened condition on you.
Efreeti Bottle		TYPE:Wondrous Item.Attunement		WT:0	SOURCEPAGE:DMG	EQMOD:MAGIC_ITEM_VERY_RARE	SPROP:When you take a Magic action to remove the stopper of this painted brass bottle, a cloud of thick smoke flows out of it. At the end of your turn, the smoke disappears with a flash of harmless fire, and an Efreeti appears in an unoccupied space within 30 feet of you.
Efreeti Chain Shirt.MOD		TYPE:Wondrous Item.Attunement	EQMOD:MAGIC_ITEM_LEGENDARY.PLUS3A	SPROP:While wearing this armor, you gain a +3 bonus to Armor Class, you have Immunity to Fire damage, and you know Primordial. In addition, you can stand on and move across molten rock as if it were solid ground.|PREABILITY:1,CATEGORY=Attunement,Efreeti Chain Shirt	DEFINE:Attunement_Efreeti_Chain_Shirt|0	BONUS:VAR|Attunement_Efreeti_Chain_Shirt|1	SPROP:Not attuned to Item|!PREABILITY:1,CATEGORY=Attunement,Efreeti Chain Shirt
Efreeti Chain Mail.MOD		TYPE:Wondrous Item.Attunement	EQMOD:MAGIC_ITEM_LEGENDARY.PLUS3A	SPROP:While wearing this armor, you gain a +3 bonus to Armor Class, you have Immunity to Fire damage, and you know Primordial. In addition, you can stand on and move across molten rock as if it were solid ground.|PREABILITY:1,CATEGORY=Attunement,Efreeti Chain Mail	DEFINE:Attunement_Efreeti_Chain_Mail|0	BONUS:VAR|Attunement_Efreeti_Chain_Mail|1	SPROP:Not attuned to Item|!PREABILITY:1,CATEGORY=Attunement,Efreeti Chain Mail
Elemental Gem		TYPE:Wondrous Item.Gem.Elemental Gem.Consumable		WT:0	SOURCEPAGE:DMG	EQMOD:MAGIC_ITEM_UNCOMMON	SPROP:This gem contains a mote of elemental energy. When you take a Utilize action to break the gem, an elemental is summoned (see the Monster Manual for its stat block), and the gem ceases to be magical.	MODS:YES
Elixir of Health		TYPE:Wondrous Item.Potion.Flask.Consumable		WT:0	SOURCEPAGE:DMG	EQMOD:MAGIC_ITEM_RARE	SPROP:‘When you drink this potion, you are cured of all magical contagions. In addition, the following conditions end on you: Blinded, Deafened, Paralyzed, and Poisoned.
Elven Chain Shirt.MOD		TYPE:Wondrous Item	EQMOD:MAGIC_ITEM_RARE.PLUS1A	SPROP:You gain a +1 bonus to Armor Class while you wear this armor. You are considered trained with this armor even if you lack training with Medium or Heavy armor.	AUTO:ARMORPROF|Chain Shirt
Elven Chain Mail.MOD		TYPE:Wondrous Item	EQMOD:MAGIC_ITEM_RARE.PLUS1A	SPROP:You gain a +1 bonus to Armor Class while you wear this armor. You are considered trained with this armor even if you lack training with Medium or Heavy armor.	AUTO:ARMORPROF|Chain Mail
Enduring Spellbook		TYPE:Wondrous Item.Spellbook		WT:0	SOURCEPAGE:DMG	EQMOD:MAGIC_ITEM_COMMON	SPROP:This spellbook, along with anything written on its pages, can't be damaged by fire or water. In addition, the spellbook doesn't deteriorate with age.
Energy Longbow.MOD		TYPE:Wondrous Item.Attunement.Force	TYPE:.CLEAR.Piercing	EQMOD:MAGIC_ITEM_RARE.PLUS1W	SPROP:You gain a +1 bonus to attack rolls and damage rolls made with this magic weapon, which has no string. Each time you pull your arm back in a firing motion, a magical arrow made of golden energy appears nocked and ready to fire.|PREABILITY:1,CATEGORY=Attunement,Energy Longbow	DEFINE:Attunement_Energy_Longbow|0	BONUS:VAR|Attunement_Energy_Longbow|1	SPROP:Not attuned to Item|!PREABILITY:1,CATEGORY=Attunement,Energy Longbow
Energy Shortbow.MOD		TYPE:Wondrous Item.Attunement.Force	TYPE:.CLEAR.Piercing	EQMOD:MAGIC_ITEM_RARE.PLUS1W	SPROP:You gain a +1 bonus to attack rolls and damage rolls made with this magic weapon, which has no string. Each time you pull your arm back in a firing motion, a magical arrow made of golden energy appears nocked and ready to fire.|PREABILITY:1,CATEGORY=Attunement,Energy Shortbow	DEFINE:Attunement_Energy_Shortbow|0	BONUS:VAR|Attunement_Energy_Shortbow|1	SPROP:Not attuned to Item|!PREABILITY:1,CATEGORY=Attunement,Energy Shortbow
Ersatz Eye		TYPE:Wondrous Item		WT:0	SOURCEPAGE:DMG	EQMOD:MAGIC_ITEM_COMMON	SPROP:This magical eye replaces a real one that was lost or removed.
Eversmoking Bottle		TYPE:Wondrous Item		WT:0	SOURCEPAGE:DMG	EQMOD:MAGIC_ITEM_UNCOMMON	SPROP:As a Magic Action, you can open or close this bottle. Opening the bottle causes thick smoke to billow out, forming a cloud that fills a 60-foot Emanation originating from the bottle. The area within the smoke is Heavily Obscured.
Eye of Vecna		TYPE:Wondrous Item.Attunement		WT:0	SOURCEPAGE:DMG	EQMOD:MAGIC_ITEM_ARTIFACT	SPROP:The eye looks like a bloodshot organ torn free from the socket.|PREABILITY:1,CATEGORY=Attunement,Eye of Vecna	DEFINE:Attunement_Eye_Of_Vecna|0	BONUS:VAR|Attunement_Eye_Of_Vecna|1	SPROP:Not attuned to Item|!PREABILITY:1,CATEGORY=Attunement,Eye of Vecna
Hand of Vecna		TYPE:Wondrous Item.Attunement		WT:0	SOURCEPAGE:DMG	EQMOD:MAGIC_ITEM_ARTIFACT	SPROP:The hand is a shriveled left extremity.|PREABILITY:1,CATEGORY=Attunement,Hand of Vecna	DEFINE:Attunement_Hand_Of_Vecna|0	BONUS:VAR|Attunement_Hand_Of_Vecna|1	SPROP:Not attuned to Item|!PREABILITY:1,CATEGORY=Attunement,Hand of Vecna
Eyes of Charming		TYPE:Wondrous Item.Eyegear.Attunement		WT:0	SOURCEPAGE:DMG	EQMOD:MAGIC_ITEM_UNCOMMON	SPROP:These crystal lenses fit over the eyes. They have 3 charges. While wearing them, you can expend 1 or more charges to cast Charm Person (save DC 13).|PREABILITY:1,CATEGORY=Attunement,Eyes of Charming	DEFINE:Attunement_Eyes_Of_Charming|0	BONUS:VAR|Attunement_Eyes_Of_Charming|1	SPROP:Not attuned to Item|!PREABILITY:1,CATEGORY=Attunement,Eyes of Charming
Eyes of Minute Seeing		TYPE:Wondrous Item.Eyegear		WT:0	SOURCEPAGE:DMG	EQMOD:MAGIC_ITEM_UNCOMMON	SPROP:These crystal lenses fit over the eyes. While wearing them, your vision improves significantly out to a range of I foot, granting you Darkvision within that range and Advantage on Intelligence (Investigation) checks made to examine something within that range.	BONUS:VAR|DarkvisionRange|1|TYPE=Base
Eyes of the Eagle		TYPE:Wondrous Item.Eyegear		WT:0	SOURCEPAGE:DMG	EQMOD:MAGIC_ITEM_UNCOMMON	SPROP:‘These crystal lenses fit over the eyes. While wearing them, you have Advantage on Wisdom (Perception) checks that rely on sight. In conditions of clear visibility, you can make out details of even extremely distant creatures and objects as small as 2 feet across.
Figurine of Wondrous Power (Bronze Griffon)		TYPE:Wondrous Item		WT:0	SOURCEPAGE:DMG	EQMOD:MAGIC_ITEM_RARE
Figurine of Wondrous Power (Ebony Fly)		TYPE:Wondrous Item		WT:0	SOURCEPAGE:DMG	EQMOD:MAGIC_ITEM_RARE
Figurine of Wondrous Power (Golden Lions)		TYPE:Wondrous Item		WT:0	SOURCEPAGE:DMG	EQMOD:MAGIC_ITEM_RARE
Figurine of Wondrous Power (Ivory Goats)		TYPE:Wondrous Item		WT:0	SOURCEPAGE:DMG	EQMOD:MAGIC_ITEM_RARE
Figurine of Wondrous Power (Marble Elephant)		TYPE:Wondrous Item		WT:0	SOURCEPAGE:DMG	EQMOD:MAGIC_ITEM_RARE
Figurine of Wondrous Power (Obsidian Steed)		TYPE:Wondrous Item		WT:0	SOURCEPAGE:DMG	EQMOD:MAGIC_ITEM_VERY_RARE
Figurine of Wondrous Power (Onix Dog)		TYPE:Wondrous Item		WT:0	SOURCEPAGE:DMG	EQMOD:MAGIC_ITEM_RARE
Figurine of Wondrous Power (Serpentine Owl)		TYPE:Wondrous Item		WT:0	SOURCEPAGE:DMG	EQMOD:MAGIC_ITEM_RARE
Figurine of Wondrous Power (Silver Raven)		TYPE:Wondrous Item		WT:0	SOURCEPAGE:DMG	EQMOD:MAGIC_ITEM_UNCOMMON
Folding Boat		TYPE:Wondrous Item.Transportation.Ship.Container		WT:0	SOURCEPAGE:DMG	EQMOD:MAGIC_ITEM_RARE	SPROP:This object appears as a wooden box that measures 12 inches long, 6 inches wide, and 6 inches deep. It weighs 4 pounds and floats. It can be opened to store items inside.
Gauntlet of Ogre Power		TYPE:Wondrous Item.Glove.Attunement		WT:0	SOURCEPAGE:DMG	SLOTS:2	EQMOD:MAGIC_ITEM_UNCOMMON	SPROP:Your Strength score is 19 while you wear these gauntlets. It has no effect on you if your Strength is already 19 or higher.|PREABILITY:1,CATEGORY=Attunement,Gauntlet of Ogre Power	DEFINE:Attunement_Gauntlet_Of_Ogre_Power|0	BONUS:VAR|Attunement_Gauntlet_Of_Ogre_Power|1	SPROP:Not attuned to Item|!PREABILITY:1,CATEGORY=Attunement,Gauntlet of Ogre Power
Gem of Brightness		TYPE:Wondrous Item.Gem.Consumable		WT:0	SOURCEPAGE:DMG	EQMOD:MAGIC_ITEM_UNCOMMON.CHARGED_ITEM_50|50
Gem of Seeing		TYPE:Wondrous Item.Gem.Attunement		WT:0	SOURCEPAGE:DMG	EQMOD:MAGIC_ITEM_RARE	SPROP:This gem has 3 charges. As a Magic action, you can expend 1 charge. For the next 10 minutes, you have Truesight out to 120 feet when you peer through the gem. The gem regains 1d3 expended charges daily at dawn.|PREABILITY:1,CATEGORY=Attunement,Gem of Seeing	DEFINE:Attunement_Gem_Of_Seeing|0	BONUS:VAR|Attunement_Gem_Of_Seeing|1	SPROP:Not attuned to Item|!PREABILITY:1,CATEGORY=Attunement,Gem of Seeing
Glamoured Studded Leather.MOD		TYPE:Wondrous Item			SOURCEPAGE:DMG	EQMOD:MAGIC_ITEM_RARE.PLUS1A	SPROP:While wearing this armor, you gain a +1 bonus to Armor Class. You can also take a Bonus Action to cause the armor to assume the appearance of a normal set of clothing or some other kind of armor.
Gloves of Missile Snaring		TYPE:Wondrous Item.Glove.Attunement		WT:0	SOURCEPAGE:DMG	SLOTS:2	EQMOD:MAGIC_ITEM_UNCOMMON	SPROP:If you're hit by an attack roll made with a Ranged or Thrown weapon while wearing these gloves, you can take a Reaction to reduce the damage by 1d10 plus your Dexterity modifier if you have a free hand. If you reduce the damage to 0, you can catch the ammunition or weapon if itis small enough for you to hold in that hand.|PREABILITY:1,CATEGORY=Attunement,Gloves of Missile Snaring	DEFINE:Attunement_Gloves_Of_Missile_Snaring|0	BONUS:VAR|Attunement_Gloves_Of_Missile_Snaring|1	SPROP:Not attuned to Item|!PREABILITY:1,CATEGORY=Attunement,Gloves of Missile Snaring
Gloves of Swimming and Climbing		TYPE:Wondrous Item.Glove.Attunement		WT:0	SOURCEPAGE:DMG	SLOTS:2	EQMOD:MAGIC_ITEM_UNCOMMON	SPROP:While wearing these gloves, you have a Climb Speed and a Swim Speed equal to your Speed, and you gain a +5 bonus to Strength (Athletics) checks made to climb or swim,|PREABILITY:1,CATEGORY=Attunement,Gloves of Swimming and Climbing	DEFINE:Attunement_Gloves_Of_Swimming_And_Climbing|0	BONUS:VAR|Attunement_Gloves_Of_Swimming_And_Climbing|1	SPROP:Not attuned to Item|!PREABILITY:1,CATEGORY=Attunement,Gloves of Swimming and Climbing
Gloves of Thievery		TYPE:Wondrous Item.Glove		WT:0	SOURCEPAGE:DMG	SLOTS:2	EQMOD:MAGIC_ITEM_UNCOMMON	SPROP:These gloves are imperceptible while worn. While wearing them, you gain a +5 bonus to Dexterity (Sleight of Hand) checks.	BONUS:SKILL|Sleight of Hand|5
Goggles of the Night		TYPE:Wondrous Item.Headgear		WT:0	SOURCEPAGE:DMG	EQMOD:MAGIC_ITEM_UNCOMMON	SPROP:While wearing these dark lenses, you have Darkvision out to 60 feet. If you already have Darkvision, wearing the goggles increases its range by 60 feet.	BONUS:VAR|DarkvisionRange|60|TYPE=Base.STACK|PREVISION:1,Darkvision=ANY	BONUS:VAR|DarkvisionRange|60|TYPE=Base|!PREVISION:1,Darkvision=ANY
Hag Eye		TYPE:Wondrous Item		WT:0	SOURCEPAGE:DMG	EQMOD:MAGIC_ITEM_UNCOMMON.CHARGED_ITEM_3|3	SPROP:Hag Bye has 3 charges. While wearing or holding this item, you can expend 1 charge to cast Darkvision (targeting yourself only) or See Invisibility. The Hag Eye regains all expended charges daily at dawn.
Hat of Disguise		TYPE:Wondrous Item.Headgear.Attunement		WT:0	SOURCEPAGE:DMG	EQMOD:MAGIC_ITEM_UNCOMMON	SPROP:While wearing this hat, you can cast the Disguise Self spell. The spell ends if the hat is removed.|PREABILITY:1,CATEGORY=Attunement,Hat of Disguise	DEFINE:Attunement_Hat_Of_Disguise|0	BONUS:VAR|Attunement_Hat_Of_Disguise|1	SPROP:Not attuned to Item|!PREABILITY:1,CATEGORY=Attunement,Hat of Disguise
Hat of Many Spells		TYPE:Wondrous Item.Headgear.Focus.Arcane Focus.Attunement		WT:0	SOURCEPAGE:DMG	EQMOD:MAGIC_ITEM_VERY_RARE	SPROP:This pointed hat has the following properties. &nl; Spellcasting Focus. While holding the hat, you can use it as a Spellcasting Focus for your Wizard spells. Any spell you cast using the hat gains a special Somatic component: you must reach into the hat and "pull" the spell out of it. &nl; Unknown Spell. While holding the hat, you can try to cast a level 1+ spell you don't know.|PREABILITY:1,CATEGORY=Attunement,Hat of Many Spell	DEFINE:Attunement_Hat_Of_Many_Spell|0	BONUS:VAR|Attunement_Hat_Of_Many_Spell|1	SPROP:Not attuned to Item|!PREABILITY:1,CATEGORY=Attunement,Hat of Many Spell
Hat of Vermin		TYPE:Wondrous Item.Headgear		WT:0	SOURCEPAGE:DMG	EQMOD:MAGIC_ITEM_COMMON.CHARGED_ITEM_3|3	SPROP:This hat has 3 charges. While holding the hat, you can take a Magic action to expend I charge and summon your choice of a Bat, a Frog, or a Rat. The summoned creature magically appears in the hat and tries to get away from you as quickly as possible.
Hat of Wizardry		TYPE:Wondrous Item.Headgear.Focus.Arcane Focus.Attunement		WT:0	SOURCEPAGE:DMG	EQMOD:MAGIC_ITEM_COMMON	SPROP:tars. While you are wearing it, you gain the following benefits. &nl; Spellcasting Focus. You can use the hat as a Spellcasting Focus for your Wizard spells. &nl; Unknown Spell. As a Magic action, you can try to cast a cantrip that you don't know.|PREABILITY:1,CATEGORY=Attunement,Hat of Wizardry	DEFINE:Attunement_Hat_Of_Wizardry|0	BONUS:VAR|Attunement_Hat_Of_Wizardry|1	SPROP:Not attuned to Item|!PREABILITY:1,CATEGORY=Attunement,Hat of Wizardry
Headband of Intellect		TYPE:Wondrous Item.Headgear.Attunement		WT:0	SOURCEPAGE:DMG	EQMOD:MAGIC_ITEM_UNCOMMON	SPROP:Your Intelligence is 19 while you wear this headband. It has no effect on you if your Intelligence is 19 or higher without it.|PREABILITY:1,CATEGORY=Attunement,Headband of Intellect	DEFINE:Attunement_Headband_Of_Intellect|0	BONUS:VAR|Attunement_Headband_Of_Intellect|1	SPROP:Not attuned to Item|!PREABILITY:1,CATEGORY=Attunement,Headband of Intellect
Helm of Brilliance		TYPE:Wondrous Item.Headgear.Attunement		WT:0	SOURCEPAGE:DMG	EQMOD:MAGIC_ITEM_VERY_RARE	SPROP:This helm is set with 1d10 diamonds, 2d10 rubies, 3d10 fire opals, and 4d10 opals. Any gem pried from the helm crumbles to dust. When all the gems are removed or destroyed, the helm loses its magic. You gain the following benefits while wearing the helm.|PREABILITY:1,CATEGORY=Attunement,Helm of Brilliance	DEFINE:Attunement_Helm_Of_Brilliance|0	BONUS:VAR|Attunement_Helm_Of_Brilliance|1	SPROP:Not attuned to Item|!PREABILITY:1,CATEGORY=Attunement,Helm of Brilliance 
Helm of Comprehending Languages		TYPE:Wondrous Item.Headgear		WT:0	SOURCEPAGE:DMG	EQMOD:MAGIC_ITEM_UNCOMMON	SPROP:While wearing this helm, you can cast Comprehend Languages from it.	SPELLS:Helm of Comprehending Language|TIMES=ATWILL|CASTERLEVEL=1|Comprehend Languages
Helm of Telepathy		TYPE:Wondrous Item.Headgear.Attunement		WT:0	SOURCEPAGE:DMG	EQMOD:MAGIC_ITEM_UNCOMMON	SPROP:While wearing this helm, you have telepathy with a range of 30 feet, and you can cast Detect Thoughts or Suggestion (save DC 13) from the helm.|PREABILITY:1,CATEGORY=Attunement,Helm of Telepathy	DEFINE:Attunement_Helm_Of_Telepathy|0	BONUS:VAR|Attunement_Helm_Of_Telepathy|1	SPROP:Not attuned to Item|!PREABILITY:1,CATEGORY=Attunement,Helm of Telepathy
Helm of Teleportation		TYPE:Wondrous Item.Headgear.Attunement		WT:0	SOURCEPAGE:DMG	EQMOD:MAGIC_ITEM_RARE.CHARGED_ITEM_3|3	SPROP:This helm has 3 charges. While wearing it, you can expend 1 charge to cast Teleport from it. The helm regains 1d3 expended charges daily at dawn.|PREABILITY:1,CATEGORY=Attunement,Helm of Teleportation	DEFINE:Attunement_Helm_Of_Teleportation|0	BONUS:VAR|Attunement_Helm_Of_Teleportation|1	SPROP:Not attuned to Item|!PREABILITY:1,CATEGORY=Attunement,Helm of Teleportation
Heward's Handy Haversack		TYPE:Wondrous Item.Bag.Container		WT:0	SOURCEPAGE:DMG	EQMOD:MAGIC_ITEM_RARE	SPROP:This backpack has a central pouch and two side pouches, each of which is an extradimensional space.	CONTAINS:700|Any
Heward's Handy Spice Pouch		TYPE:Wondrous Item.Bag.Attunement		WT:0	SOURCEPAGE:DMG	EQMOD:MAGIC_ITEM_COMMON.CHARGED_ITEM_10|10	SPROP:This belt pouch appears empty and has 10 charges. While holding the pouch, you can take a Magic action to expend I charge, name any nonmagical food seasoning (such as salt, pepper, saffron, or cilantro), and remove a pinch of the desired seasoning from the pouch. A pinch is enough to season a single meal. The pouch regains 1d6 + 4 expended charges daily at dawn.
Horn of Blasting		TYPE:Wondrous Item		WT:0	SOURCEPAGE:DMG	EQMOD:MAGIC_ITEM_RARE	SPROP:You can take a Magic action to blow the horn, which emits a thunderous blast in a 30-foot Cone that is audible out to 600 feet.
Horm of Silent Alarm		TYPE:Wondrous Item		WT:0	SOURCEPAGE:DMG	EQMOD:MAGIC_ITEM_COMMON	SPROP:This horn has 4 charges and regains Id4 expended charges daily at dawn. As a Magic action, you can blow the horn while expending I charge. One creature of your choice hears the horn's blare, provided that creature is within 600 feet of the horn. No other creature hears the horn.
Horm of Valhalla (Silver)		TYPE:Wondrous Item.Attunement		WT:0	SOURCEPAGE:DMG	EQMOD:MAGIC_ITEM_RARE	SPROP:You can take a Magic action to blow this horn. In response, warrior spirits from the plane of Ysgard appear in unoccupied spaces within 60 feet of you.	ABILITY:Special Ability|AUTOMATIC|Horn of Valhalla	BONUS:FOLLOWERS|Horn of Valhalla|2
Horm of Valhalla (Brass)		TYPE:Wondrous Item.Attunement		WT:0	SOURCEPAGE:DMG	EQMOD:MAGIC_ITEM_RARE	SPROP:You can take a Magic action to blow this horn. In response, warrior spirits from the plane of Ysgard appear in unoccupied spaces within 60 feet of you.	ABILITY:Special Ability|AUTOMATIC|Horn of Valhalla	BONUS:FOLLOWERS|Horn of Valhalla|3
Horm of Valhalla (Bronze)		TYPE:Wondrous Item.Attunement		WT:0	SOURCEPAGE:DMG	EQMOD:MAGIC_ITEM_VERY_RARE	SPROP:You can take a Magic action to blow this horn. In response, warrior spirits from the plane of Ysgard appear in unoccupied spaces within 60 feet of you.	ABILITY:Special Ability|AUTOMATIC|Horn of Valhalla	BONUS:FOLLOWERS|Horn of Valhalla|4
Horm of Valhalla (Iron)		TYPE:Wondrous Item.Attunement		WT:0	SOURCEPAGE:DMG	EQMOD:MAGIC_ITEM_LEGENDARY	SPROP:You can take a Magic action to blow this horn. In response, warrior spirits from the plane of Ysgard appear in unoccupied spaces within 60 feet of you.	ABILITY:Special Ability|AUTOMATIC|Horn of Valhalla	BONUS:FOLLOWERS|Horn of Valhalla|5
Horseshoes of Zephyr		TYPE:Wondrous Item.Boot.Attunement		WT:0	SOURCEPAGE:DMG	SLOTS:2	EQMOD:MAGIC_ITEM_VERY_RARE	SPROP:These horseshoes come in a set of four. As a Magic action, you can touch one of the horseshoes to the hoof of a horse or similar creature, whereupon the horseshoe affixes itself to the hoof. Removing a horseshoe also takes a Magic action.	PRETEMPLATE:1,Mount
Horseshoes of Speed		TYPE:Wondrous Item.Boot.Attunement		WT:0	SOURCEPAGE:DMG	SLOTS:2	EQMOD:MAGIC_ITEM_RARE	SPROP:These horseshoes come in a set of four. As a Magic action, you can touch one of the horseshoes to the hoof of a horse or similar creature, whereupon the horseshoe affixes itself to the hoof. Removing a horseshoe also takes a Magic action. While all four horseshoes are attached to the same creature, its Speed is increased by 30 feet.	PRETEMPLATE:1,Mount	BONUS:VAR|Move_Walk|30
Immovable Rod		TYPE:Wondrous Item.Rod		WT:0	SOURCEPAGE:DMG	EQMOD:MAGIC_ITEM_UNCOMMON	SPROP:This iron rod has a button on one end. You can take a Utilize action to press the button, which causes the rod to become magically fixed in place.
Instrument of Illusions		TYPE:Wondrous Item.Musical Instruments		WT:0	SOURCEPAGE:DMG	EQMOD:MAGIC_ITEM_COMMON	SPROP:While you are playing this musical instrument, you can take a Magic action to create harmless, illusory visual effects within a 5-foot Emanation or from the instrument. If you are a Bard, the si the Emanation increases to 15 feet. Sample visual effects include luminous musical notes, a spectral dancer, butterflies, and gently falling snow. The magical effects have neither substance nor sound, and they are obviously illusory. The effects end when you stop playing.
Instrument of Scribing		TYPE:Wondrous Item.Musical Instruments		WT:0	SOURCEPAGE:DMG	EQMOD:MAGIC_ITEM_COMMON.CHARGED_ITEM_3|3	SPROP:This musical instrument has 3 charges and regains all expended charges daily at dawn. While you are playing it, you can take a Magic action to expend 1 charge and write a magical message on a nonmagical object or surface that you can see within 30 feet of yourself.
Instrument of the Bards (Anstruth Harp)		TYPE:Wondrous Item.Musical Instruments.Attunement		WT:0	SOURCEPAGE:DMG	EQMOD:MAGIC_ITEM_VERY_RARE.INSTR_BARD_INST	SPROP:An Instrument of the Bards is superior to an ordinary strument in every way. Seven types of these instruments exist, each named after a bard college.|PREABILITY:1,CATEGORY=Attunement,Instrument of the Bard (Anstruth Harp)	DEFINE:Attunement_Instrument_Of_The_Bard_Anstruth_Harp|0	BONUS:VAR|Attunement_Instrument_Of_The_Bard_Anstruth_Harp|1	SPROP:Not attuned to Item. Creature that attempts to play the instrument without being attuned to it must succeed on a DC 15 Wisdom saving throw or take 2d4 Psychic damage.|!PREABILITY:1,CATEGORY=Attunement,Instrument of the Bard (Anstruth Harp)
Instrument of the Bards (Canaith Mandolin)		TYPE:Wondrous Item.Musical Instruments.Attunement		WT:0	SOURCEPAGE:DMG	EQMOD:MAGIC_ITEM_RARE.INSTR_BARD_INST	SPROP:An Instrument of the Bards is superior to an ordinary strument in every way. Seven types of these instruments exist, each named after a bard college.|PREABILITY:1,CATEGORY=Attunement,Instrument of the Bard (Canaith Mandolin)	DEFINE:Attunement_Instrument_Of_The_Bard_Canaith_Mandolin|0	BONUS:VAR|Attunement_Instrument_Of_The_Bard_Canaith_Mandolin|1	SPROP:Not attuned to Item. Creature that attempts to play the instrument without being attuned to it must succeed on a DC 15 Wisdom saving throw or take 2d4 Psychic damage.|!PREABILITY:1,CATEGORY=Attunement,Instrument of the Bard (Canaith Mandolin)
Instrument of the Bards (Cli Lute)		TYPE:Wondrous Item.Musical Instruments.Attunement		WT:0	SOURCEPAGE:DMG	EQMOD:MAGIC_ITEM_RARE.INSTR_BARD_INST	SPROP:An Instrument of the Bards is superior to an ordinary strument in every way. Seven types of these instruments exist, each named after a bard college.|PREABILITY:1,CATEGORY=Attunement,Instrument of the Bard (Cli Lute)	DEFINE:Attunement_Instrument_Of_The_Bard_Cli_Lute|0	BONUS:VAR|Attunement_Instrument_Of_The_Bard_Cli_Lute|1	SPROP:Not attuned to Item. Creature that attempts to play the instrument without being attuned to it must succeed on a DC 15 Wisdom saving throw or take 2d4 Psychic damage.|!PREABILITY:1,CATEGORY=Attunement,Instrument of the Bard (Cli Lute)
Instrument of the Bards (Doss Lute)		TYPE:Wondrous Item.Musical Instruments.Attunement		WT:0	SOURCEPAGE:DMG	EQMOD:MAGIC_ITEM_UNCOMMON.INSTR_BARD_INST	SPROP:An Instrument of the Bards is superior to an ordinary strument in every way. Seven types of these instruments exist, each named after a bard college.|PREABILITY:1,CATEGORY=Attunement,Instrument of the Bard (Doss Lute)	DEFINE:Attunement_Instrument_Of_The_Bard_Doss_Lute|0	BONUS:VAR|Attunement_Instrument_Of_The_Bard_Doss_Lute|1	SPROP:Not attuned to Item. Creature that attempts to play the instrument without being attuned to it must succeed on a DC 15 Wisdom saving throw or take 2d4 Psychic damage.|!PREABILITY:1,CATEGORY=Attunement,Instrument of the Bard (Doss Lute)
Instrument of the Bards (Fochlucan Bandore)		TYPE:Wondrous Item.Musical Instruments.Attunement		WT:0	SOURCEPAGE:DMG	EQMOD:MAGIC_ITEM_UNCOMMON.INSTR_BARD_INST	SPROP:An Instrument of the Bards is superior to an ordinary strument in every way. Seven types of these instruments exist, each named after a bard college.|PREABILITY:1,CATEGORY=Attunement,Instrument of the Bard (Fochlucan Bandore)	DEFINE:Attunement_Instrument_Of_The_Bard_Fochlucan_Bandore|0	BONUS:VAR|Attunement_Instrument_Of_The_Bard_Fochlucan_Bandore|1	SPROP:Not attuned to Item. Creature that attempts to play the instrument without being attuned to it must succeed on a DC 15 Wisdom saving throw or take 2d4 Psychic damage.|!PREABILITY:1,CATEGORY=Attunement,Instrument of the Bard (Fochlucan Bandore)
Instrument of the Bards (Mac-Fuirmidh Cittern)		TYPE:Wondrous Item.Musical Instruments.Attunement		WT:0	SOURCEPAGE:DMG	EQMOD:MAGIC_ITEM_UNCOMMON.INSTR_BARD_INST	SPROP:An Instrument of the Bards is superior to an ordinary strument in every way. Seven types of these instruments exist, each named after a bard college.|PREABILITY:1,CATEGORY=Attunement,Instrument of the Bard (Mac-Fuirmidh Cittern)	DEFINE:Attunement_Instrument_Of_The_Bard_Mac-Fuirmidh_Cittern|0	BONUS:VAR|Attunement_Instrument_Of_The_Bard_Mac-Fuirmidh_Cittern|1	SPROP:Not attuned to Item. Creature that attempts to play the instrument without being attuned to it must succeed on a DC 15 Wisdom saving throw or take 2d4 Psychic damage.|!PREABILITY:1,CATEGORY=Attunement,Instrument of the Bard (Mac-Fuirmidh Cittern)
Instrument of the Bards (Ollamh Harp)		TYPE:Wondrous Item.Musical Instruments.Attunement		WT:0	SOURCEPAGE:DMG	EQMOD:MAGIC_ITEM_LEGENDARY.INSTR_BARD_INST	SPROP:An Instrument of the Bards is superior to an ordinary strument in every way. Seven types of these instruments exist, each named after a bard college.|PREABILITY:1,CATEGORY=Attunement,Instrument of the Bard (Ollamh Harp)	DEFINE:Attunement_Instrument_Of_The_Bard_Ollamh_Harp|0	BONUS:VAR|Attunement_Instrument_Of_The_Bard_Ollamh_Harp|1	SPROP:Not attuned to Item. Creature that attempts to play the instrument without being attuned to it must succeed on a DC 15 Wisdom saving throw or take 2d4 Psychic damage.|!PREABILITY:1,CATEGORY=Attunement,Instrument of the Bard (Ollamh Harp)
Ioun Stone (Absorption)		TYPE:Wondrous Item.Ioun Stone.Attunement.Consumable		WT:0	SOURCEPAGE:DMG	EQMOD:MAGIC_ITEM_RARE.CHARGED_ITEM_20|20	SPROP:You can take a Reaction to cancel a spell of level 4 or lower cast by a creature you can see.|PREABILITY:1,CATEGORY=Attunement,Youn Stone (Absorption)	DEFINE:Attunement_Ioun_Stone_Absorption|0	BONUS:VAR|Attunement_Ioun_Stone_Absorption|1	SPROP:Not attuned to Item|!PREABILITY:1,CATEGORY=Attunement,Ioun Stone (Absorption)
Ioun Stone (Agility)		TYPE:Wondrous Item.Ioun Stone.Attunement		WT:0	SOURCEPAGE:DMG	EQMOD:MAGIC_ITEM_VERY_RARE	SPROP:Your Dexterity increases by 2, to a maximum of 20.|PREABILITY:1,CATEGORY=Attunement,Youn Stone (Agility)	DEFINE:Attunement_Ioun_Stone_Agility|0	BONUS:VAR|Attunement_Ioun_Stone_Agility|1	SPROP:Not attuned to Item|!PREABILITY:1,CATEGORY=Attunement,Ioun Stone (Agility)
Ioun Stone (Awareness)		TYPE:Wondrous Item.Ioun Stone.Attunement		WT:0	SOURCEPAGE:DMG	EQMOD:MAGIC_ITEM_RARE	SPROP:While this dark-blue rhomboid orbits your head, you have Advantage on Initiative rolls and Wisdom (Perception) checks.|PREABILITY:1,CATEGORY=Attunement,Youn Stone (Awareness)	DEFINE:Attunement_Ioun_Stone_Awareness|0	BONUS:VAR|Attunement_Ioun_Stone_Awareness|1	SPROP:Not attuned to Item|!PREABILITY:1,CATEGORY=Attunement,Ioun Stone (Awareness)
Ioun Stone (Fortitude)		TYPE:Wondrous Item.Ioun Stone.Attunement		WT:0	SOURCEPAGE:DMG	EQMOD:MAGIC_ITEM_VERY_RARE	SPROP:YourYour Constitution increases by 2, to a maximum of 20.|PREABILITY:1,CATEGORY=Attunement,Youn Stone (Fortitude)	DEFINE:Attunement_Ioun_Stone_Fortitude|0	BONUS:VAR|Attunement_Ioun_Stone_Fortitude|1	SPROP:Not attuned to Item|!PREABILITY:1,CATEGORY=Attunement,Ioun Stone (Fortitude)
Ioun Stone (Greater Absorption)		TYPE:Wondrous Item.Ioun Stone.Attunement.Consumable		WT:0	SOURCEPAGE:DMG	EQMOD:MAGIC_ITEM_LEGENDARY.CHARGED_ITEM_20|20	SPROP:You can take a Reaction to cancel a spell of level 8 or lower cast by a creature you can see.|PREABILITY:1,CATEGORY=Attunement,Youn Stone (Greater Absorption)	DEFINE:Attunement_Ioun_Stone_Greater_Absorption|0	BONUS:VAR|Attunement_Ioun_Stone_Greater_Absorption|1	SPROP:Not attuned to Item|!PREABILITY:1,CATEGORY=Attunement,Ioun Stone (Greater Absorption)
Ioun Stone (Insight)		TYPE:Wondrous Item.Ioun Stone.Attunement		WT:0	SOURCEPAGE:DMG	EQMOD:MAGIC_ITEM_VERY_RARE	SPROP:Your Wisdom increases by 2, to a maximum of 20.|PREABILITY:1,CATEGORY=Attunement,Youn Stone (Insight)	DEFINE:Attunement_Ioun_Stone_Insight|0	BONUS:VAR|Attunement_Ioun_Stone_Insight|1	SPROP:Not attuned to Item|!PREABILITY:1,CATEGORY=Attunement,Ioun Stone (Insight)
Ioun Stone (Intellect)		TYPE:Wondrous Item.Ioun Stone.Attunement		WT:0	SOURCEPAGE:DMG	EQMOD:MAGIC_ITEM_VERY_RARE	SPROP:Your Intelligence increases by 2, to a maximum of 20.|PREABILITY:1,CATEGORY=Attunement,Youn Stone (Intellect)	DEFINE:Attunement_Ioun_Stone_Intellect|0	BONUS:VAR|Attunement_Ioun_Stone_Intellect|1	SPROP:Not attuned to Item|!PREABILITY:1,CATEGORY=Attunement,Ioun Stone (Intellect)
Ioun Stone (Leadership)		TYPE:Wondrous Item.Ioun Stone.Attunement		WT:0	SOURCEPAGE:DMG	EQMOD:MAGIC_ITEM_VERY_RARE	SPROP:Your Charisma increases by 2, to a maximum of 20.|PREABILITY:1,CATEGORY=Attunement,Youn Stone (Leadership)	DEFINE:Attunement_Ioun_Stone_Leadership|0	BONUS:VAR|Attunement_Ioun_Stone_Leadership|1	SPROP:Not attuned to Item|!PREABILITY:1,CATEGORY=Attunement,Ioun Stone (Leadership)
Ioun Stone (Mastery)		TYPE:Wondrous Item.Ioun Stone.Attunement		WT:0	SOURCEPAGE:DMG	EQMOD:MAGIC_ITEM_LEGENDARY	SPROP:Your Proficiency Bonus increases by 1.|PREABILITY:1,CATEGORY=Attunement,Youn Stone (Mastery)	DEFINE:Attunement_Ioun_Stone_Mastery|0	BONUS:VAR|Attunement_Ioun_Stone_Mastery|1	SPROP:Not attuned to Item|!PREABILITY:1,CATEGORY=Attunement,Ioun Stone (Mastery)
Ioun Stone (Protection)		TYPE:Wondrous Item.Ioun Stone.Attunement		WT:0	SOURCEPAGE:DMG	EQMOD:MAGIC_ITEM_RARE	SPROP:You gain a +1 bonus to Armor Class.|PREABILITY:1,CATEGORY=Attunement,Youn Stone (Protection)	DEFINE:Attunement_Ioun_Stone_Protection|0	BONUS:VAR|Attunement_Ioun_Stone_Protection|1	SPROP:Not attuned to Item|!PREABILITY:1,CATEGORY=Attunement,Ioun Stone (Protection)
Ioun Stone (Regeneration)		TYPE:Wondrous Item.Ioun Stone.Attunement		WT:0	SOURCEPAGE:DMG	EQMOD:MAGIC_ITEM_LEGENDARY	SPROP:You regain 15 Hit Points at the end of each hour if you have at least 1 Hit Point.|PREABILITY:1,CATEGORY=Attunement,Youn Stone (Regeneration)	DEFINE:Attunement_Ioun_Stone_Regeneration|0	BONUS:VAR|Attunement_Ioun_Stone_Regeneration|1	SPROP:Not attuned to Item|!PREABILITY:1,CATEGORY=Attunement,Ioun Stone (Regeneration)
Ioun Stone (Reserve)		TYPE:Wondrous Item.Ioun Stone.Attunement		WT:0	SOURCEPAGE:DMG	EQMOD:MAGIC_ITEM_RARE	SPROP:This vibrant purple prism stores spells cast into it, holding them until you use them. The stone can store up to 4 levels of spells at a time.|PREABILITY:1,CATEGORY=Attunement,Youn Stone (Reserve)	DEFINE:Attunement_Ioun_Stone_Reserve|0	BONUS:VAR|Attunement_Ioun_Stone_Reserve|1	SPROP:Not attuned to Item|!PREABILITY:1,CATEGORY=Attunement,Ioun Stone (Reserve)
Ioun Stone (Strength)		TYPE:Wondrous Item.Ioun Stone.Attunement		WT:0	SOURCEPAGE:DMG	EQMOD:MAGIC_ITEM_VERY_RARE	SPROP:Your Strength increases by 2, to a maximum of 20.|PREABILITY:1,CATEGORY=Attunement,Youn Stone (Strength)	DEFINE:Attunement_Ioun_Stone_Strength|0	BONUS:VAR|Attunement_Ioun_Stone_Strength|1	SPROP:Not attuned to Item|!PREABILITY:1,CATEGORY=Attunement,Ioun Stone (Strength)
Ioun Stone (Sustenance)		TYPE:Wondrous Item.Ioun Stone.Attunement		WT:0	SOURCEPAGE:DMG	EQMOD:MAGIC_ITEM_RARE	SPROP:You don't need to eat or drink while this clear spindle orbits your head.|PREABILITY:1,CATEGORY=Attunement,Youn Stone (Sustenance)	DEFINE:Attunement_Ioun_Stone_Sustenance|0	BONUS:VAR|Attunement_Ioun_Stone_Sustenance|1	SPROP:Not attuned to Item|!PREABILITY:1,CATEGORY=Attunement,Ioun Stone (Sustenance)
Iron Bands of Bilarro		TYPE:Wondrous Item		WT:1	SOURCEPAGE:DMG	EQMOD:MAGIC_ITEM_RARE	SPROP:You can take a Magic action to throw the sphere at a Huge or smaller creature you can see within 60 feet of yourself. As the sphere moves through the air, it opens into a tangle of metal bands.
Iron Flask		TYPE:Wondrous Item.Flask.Attunement		WT:0	SOURCEPAGE:DMG	EQMOD:MAGIC_ITEM_LEGENDARY	SPROP:While holding this brass-stoppered iron flask, you can take a Magic action to target a creature that you can see within 60 feet of yourself.
Javeling of Lightning.MOD		TYPE:Wondrous Item		WT:0	SOURCEPAGE:DMG	EQMOD:MAGIC_ITEM_UNCOMMON	SPROP:Each time you make an attack roll with this magic weapon and hit, you can have it deal Lightning damage instead of Piercing damage.
Keoghtom's Ointment		TYPE:Wondrous Item.Liquid.Attunement.Consumable		WT:1	SOURCEPAGE:DMG	EQMOD:MAGIC_ITEM_UNCOMMON.CHARGED_ITEM_5|5	SPROP:As a Utilize action, you can swallow one dose of the ointment or apply it to a creature within 5 feet of yourself. The creature that receives it regains 2d8 + 2 Hit Points and ceases to have the Poisoned condition.
Lantern of Revealing		TYPE:Wondrous Item.Container		WT:2	SOURCEPAGE:DMG	EQMOD:MAGIC_ITEM_UNCOMMON	SPROP:While lit, this hooded lantern burns for 6 hours on 1 pint of oil.	CONTAINS:1|Liquid=1	QUALITY:Bright Illumination|30 ft.	QUALITY:Shadowy Illumination|30 ft.
Lock of Trickery		TYPE:Wondrous Item.Lock.Consumable		WT:0	SOURCEPAGE:DMG	EQMOD:MAGIC_ITEM_COMMON.CHARGED_ITEM_3|3	SPROP:Dexterity checks made to pick the lock have Disadvantage.
Lute of Thunderous Thumping.MOD		TYPE:Wondrous Item.Musical Instruments			SOURCEPAGE:DMG	EQMOD:MAGIC_ITEM_VERY_RARE	SPROP:This reinforced lute can be wielded as a magic Club that deals an extra 248 Thunder damage on a hit.	BONUS:WEAPON|TOHIT|max(CHA,STR)-STR
Mace of Disruption.MOD		TYPE:Wondrous Item.Attunement			SOURCEPAGE:DMG	EQMOD:MAGIC_ITEM_RARE	SPROP:When you hit a Fiend or an Undead with this magic weapon.|PREABILITY:1,CATEGORY=Attunement,Mace of Destruction	DEFINE:Attunement_Mace_Of_Destruction|0	BONUS:VAR|Attunement_Mace_Of_Destruction|1	SPROP:Not attuned to Item|!PREABILITY:1,CATEGORY=Attunement,Mace of Destruction	QUALITY:Bright Illumination|20 ft.	QUALITY:Shadowy Illumination|20 ft.
Mace of Smithing.MOD		TYPE:Wondrous Item.Attunement			SOURCEPAGE:DMG	EQMOD:MAGIC_ITEM_RARE.PLUS1W	SPROP:You gain a +1 bonus to attack rolls and damage rolls made with this magic weapon. The bonus increases to +3 when you use the weapon to attack a Construct.|PREABILITY:1,CATEGORY=Attunement,Mace of Smithing	DEFINE:Attunement_Mace_Of_Smithing|0	BONUS:VAR|Attunement_Mace_Of_Smithing|1	SPROP:Not attuned to Item|!PREABILITY:1,CATEGORY=Attunement,Mace of Smithing
Mace of Terror.MOD		TYPE:Wondrous Item.Attunement			SOURCEPAGE:DMG	EQMOD:MAGIC_ITEM_RARE.CHARGED_ITEM_3|3	SPROP:While holding the weapon, you can take a Magic action and expend 1 charge to release a wave of terror from it. Each creature of your choice within 30 feet of you must succeed on a DC 15 Wisdom saving throw or have the Frightened condition for 1 minute.|PREABILITY:1,CATEGORY=Attunement,Mace of Terror	DEFINE:Attunement_Mace_Of_Terror|0	BONUS:VAR|Attunement_Mace_Of_Terror|1	SPROP:Not attuned to Item|!PREABILITY:1,CATEGORY=Attunement,Mace of Terror
Mantle of Spell Resistance		TYPE:Wondrous Item.Cape.Attunement		WT:0	SOURCEPAGE:DMG	EQMOD:MAGIC_ITEM_RARE	SPROP:You have Advantage on saving throws against spells while you wear this cloak.|PREABILITY:1,CATEGORY=Attunement,Mantle of Spell Resistance	DEFINE:Attunement_Mantle_Of_Resistance|0	BONUS:VAR|Attunement_Mantle_Of_Resistance|1	SPROP:Not attuned to Item|!PREABILITY:1,CATEGORY=Attunement,Mantle of Resistance
Manual of Bodily Health		TYPE:Wondrous Item.Book.Consumable		WT:0	SOURCEPAGE:DMG	EQMOD:MAGIC_ITEM_VERY_RARE.CHARGED_ITEM_1|1	SPROP:If you spend 48 hours over a period of 6 days or fewer studying the book’s contents and practicing its guidelines, your Constitution increases by 2, toa maximum of 30. The manual then loses its magic but regains it in a century.	BONUS:STAT|CON|2|!PRESTAT:1,CON=28
Manual of Gainful Excercise		TYPE:Wondrous Item.Book.Consumable		WT:0	SOURCEPAGE:DMG	EQMOD:MAGIC_ITEM_VERY_RARE.CHARGED_ITEM_1|1	SPROP:If you spend 48 hours over a period of 6 days or fewer studying the book’s con- tents and practicing its guidelines, your Strength increases by 2, to a maximum of 30. The manual then loses its magic but regains it in a century.	BONUS:STAT|CON|2|!PRESTAT:1,STR=28
Manual of Golems (Clay Golems)		TYPE:Wondrous Item.Book.Consumable		WT:0	SOURCEPAGE:DMG	EQMOD:MAGIC_ITEM_VERY_RARE.CHARGED_ITEM_1|1	SPROP:Clay Golems, 30 days, 65'000 gp.
Manual of Golems (Flesh Golems)		TYPE:Wondrous Item.Book.Consumable		WT:0	SOURCEPAGE:DMG	EQMOD:MAGIC_ITEM_VERY_RARE.CHARGED_ITEM_1|1	SPROP:Flesh Golems, 60 days, 50'000 gp.
Manual of Golems (Iron Golems)		TYPE:Wondrous Item.Book.Consumable		WT:0	SOURCEPAGE:DMG	EQMOD:MAGIC_ITEM_VERY_RARE.CHARGED_ITEM_1|1	SPROP:Iron Golems, 120 days, 100'000 gp.
Manual of Golems (Stone Golems)		TYPE:Wondrous Item.Book.Consumable		WT:0	SOURCEPAGE:DMG	EQMOD:MAGIC_ITEM_VERY_RARE.CHARGED_ITEM_1|1	SPROP:Stone Golems, 90 days, 80'000 gp.
Manual of Quickness of Action		TYPE:Wondrous Item.Book.Consumable		WT:0	SOURCEPAGE:DMG	EQMOD:MAGIC_ITEM_RARE.CHARGED_ITEM_1|1	SPROP:If you spend 48 hours over a period of 6 days or fewer studying the book’s contents and practicing its guidelines, your Dexterity increases by 2, to a maximum of 30. The manual then loses its magic but regains it in a century.	BONUS:STAT|DEX|2|!PRESTAT:1,DEX=28
Medallion of Thoughts		TYPE:Wondrous Item.Neckwear.Attunement		WT:0	SOURCEPAGE:DMG	EQMOD:MAGIC_ITEM_UNCOMMON.CHARGED_ITEM_5|5	SPROP:The medallion has 5 charges. While wearing it, you can expend 1 charge to cast Detect Thoughts (save DC 13) from it. The medallion regains 1d4 expended charges daily at dawn.|PREABILITY:1,CATEGORY=Attunement,Medallion of Thoughts	DEFINE:Attunement_Medallion_of_Thoughts|0	BONUS:VAR|Attunement_Medallion_of_Thoughts|1	SPROP:Not attuned to Item|!PREABILITY:1,CATEGORY=Attunement,Medallion of Thoughts
Mirror of Life Trapping		TYPE:Wondrous Item		WT:50	SOURCEPAGE:DMG	EQMOD:MAGIC_ITEM_VERY_RARE	SPROP:If the mirror is hanging on a vertical surface and you are within 5 feet of it, you can take a Magic action and use a command word to activate it. It remains activated until you take a Magic action and repeat the command word to deactivate.
Mistery Key		TYPE:Wondrous Item.Consumable		WT:0	SOURCEPAGE:DMG	EQMOD:MAGIC_ITEM_COMMON.CHARGED_ITEM_1|1	SPROP:A question mark is worked into the head of this key. The key has a 5 percent chance of unlocking any lock into which it’s inserted. Once it unlocks something, the key disappears.
Nature's Mantle		TYPE:Wondrous Item.Cape.Focus.Druidic Focus.Attunement		WT:0	SOURCEPAGE:DMG	EQMOD:MAGIC_ITEM_UNCOMMON	SPROP:This cloak shifts color and texture to blend with the terrain surrounding you. While wearing the cloak, you can use it as a Spellcasting Focus for your Druid and Ranger spells.|PREABILITY:1,CATEGORY=Attunement,Nature's Mantle	DEFINE:Attunement_Nature_S_Mantle|0	BONUS:VAR|Attunement_Nature_S_Mantle|1	SPROP:Not attuned to Item|!PREABILITY:1,CATEGORY=Attunement,Nature's Mantle
Necklace of Adaptation		TYPE:Wondrous Item.Neckwear.Attunement		WT:0	SOURCEPAGE:DMG	EQMOD:MAGIC_ITEM_UNCOMMON	SPROP:While wearing this necklace, you can breathe normally in any environment, and you have Advantage on saving throws made to avoid or end the Poisoned condition.|PREABILITY:1,CATEGORY=Attunement,Necklace of Adaptation	DEFINE:Attunement_Necklace_Of_Adaptation|0	BONUS:VAR|Attunement_Necklace_Of_Adaptation|1	SPROP:Not attuned to Item|!PREABILITY:1,CATEGORY=Attunement,Necklace of Adaptation
Necklace of Fireballs		TYPE:Wondrous Item.Neckwear		WT:0	SOURCEPAGE:DMG	EQMOD:MAGIC_ITEM_RARE.CHARGED_ITEM_9|9	SPROP:This necklace has 1d6 + 3 beads hanging from it. You can take a Magic action to detach a bead and throw it up to 60 feet away. When it reaches the end of its trajectory, the bead detonates as a level 3 Fireball (save DC 15).
Necklace of Prayer Beads		TYPE:Wondrous Item.Neckwear.Attunement.Container		WT:0	SOURCEPAGE:DMG	EQMOD:MAGIC_ITEM_RARE	SPROP:Your.|PREABILITY:1,CATEGORY=Attunement,Amulet Of Health	DEFINE:Attunement_Amulet_Of_Health|0	BONUS:VAR|Attunement_Amulet_Of_Health|1	SPROP:Not attuned to Item|!PREABILITY:1,CATEGORY=Attunement,Amulet Of Health	CONTAINS:UNLIM|Prayer Beads=6
Nolzur's Marvelous Pigments		TYPE:Wondrous Item.Consumable		WT:1	SOURCEPAGE:DMG	EQMOD:MAGIC_ITEM_VERY_RARE.CHARGED_ITEM_4|4	SPROP:This fine wooden box contains 1d4 pots of pigment and a brush (weighing 1 pound in total).
Oil of Etherealnsess		TYPE:Wondrous Item.Potion.Consumable		WT:0	SOURCEPAGE:DMG	EQMOD:MAGIC_ITEM_RARE	SPROP:The affected creature then gains the effect of the Btherealness spell for 1 hour.
Oil of Sharpness		TYPE:Wondrous Item.Potion.Consumable		WT:0	SOURCEPAGE:DMG	EQMOD:MAGIC_ITEM_RARE	SPROP:Applying the oil takes 1 minute, after which the oil magically seeps into whatever it coats, turning the coated weapon into a +3 Weapon or the coated ammunition into +3 Ammunition
Oil of Slipperiness		TYPE:Wondrous Item.Potion.Consumable		WT:0	SOURCEPAGE:DMG	EQMOD:MAGIC_ITEM_UNCOMMON	SPROP:The affected creature then gains the effect of the Freedom of Movement spell for 8 hours.
Orb of Direction		TYPE:Wondrous Item.Focus.Arcane Focus		WT:0	SOURCEPAGE:DMG	EQMOD:MAGIC_ITEM_COMMON	SPROP:While holding this orb, you can take a Magic action to determine which way is magnetic north.
Orb of Dragonkind		TYPE:Wondrous Item.Attunement		WT:0	SOURCEPAGE:DMG	EQMOD:MAGIC_ITEM_ARTIFACT	SPROP:While attuned to an orb, you can take a Magic action to peer into the orb’s depths.|PREABILITY:1,CATEGORY=Attunement,Orb of Dragonkind	DEFINE:Attunement_Orb_Of_Dragonkind|0	BONUS:VAR|Attunement_Orb_Of_Dragonkind|1	SPROP:Not attuned to Item|!PREABILITY:1,CATEGORY=Attunement,Orb of Dragonkind
Orb of Time		TYPE:Wondrous Item.Focus.Arcane Focus		WT:0	SOURCEPAGE:DMG	EQMOD:MAGIC_ITEM_COMMON	SPROP:‘While holding the orb, you can take a Magic action to determine whether it is morning, afternoon, evening, or nighttime.
Pearl of Power		TYPE:Wondrous Item.Attunement		WT:0	SOURCEPAGE:DMG	EQMOD:MAGIC_ITEM_UNCOMMON	SPROP:You can take a Magic action to regain one expended spell slot of level 3 or lower. Once you use the pearl.|PREABILITY:1,CATEGORY=Attunement,Pearl of Power	DEFINE:Attunement_Pearl_Of_Power|0	BONUS:VAR|Attunement_Pearl_Of_Power|1	SPROP:Not attuned to Item|!PREABILITY:1,CATEGORY=Attunement,Pearl of Power
Perfume of Bewitching		TYPE:Wondrous Item.Vial.Consumable		WT:0	SOURCEPAGE:DMG	EQMOD:MAGIC_ITEM_COMMON	SPROP:You can take a Magic action to apply the perfume to yourself, and its effect lasts 1 hour. For the duration, you have Advantage on all Charisma (Deception and Persuasion) checks made to influence a creature within 5 feet of yourself.
Periapt of Health		TYPE:Wondrous Item.Neckwear.Attunement		WT:0	SOURCEPAGE:DMG	EQMOD:MAGIC_ITEM_UNCOMMON.CHARGED_ITEM_1|1	SPROP:While wearing this pendant, you can take a Magic action to regain 2d4 + 2 Hit Points.|PREABILITY:1,CATEGORY=Attunement,Periapt of Health	DEFINE:Attunement_Periapt_Of_Health|0	BONUS:VAR|Attunement_Periapt_Of_Health|1	SPROP:Not attuned to Item|!PREABILITY:1,CATEGORY=Attunement,Periapt of Health
Periapt of Proof Against Poison		TYPE:Wondrous Item.Neckwear.Attunement		WT:0	SOURCEPAGE:DMG	EQMOD:MAGIC_ITEM_RARE	SPROP:While you wear it, you have Immunity to the Poisoned condition and Poison damage.|PREABILITY:1,CATEGORY=Attunement,Periapt of Proof against Poison	DEFINE:Attunement_Periapt_Of_Proof_Against_Poison|0	BONUS:VAR|Attunement_Periapt_Of_Proof_Against_Poison|1	SPROP:Not attuned to Item|!PREABILITY:1,CATEGORY=Attunement,Periapt of Proof against Poison
Periapt of Wound Closure		TYPE:Wondrous Item.Neckwear.Attunement		WT:0	SOURCEPAGE:DMG	EQMOD:MAGIC_ITEM_UNCOMMON	SPROP:Whenever you make a Death Saving Throw, you can change a roll of 9 or lower toa 10, turning a failed save into a successful one. Whenever you roll a Hit Point Die to regain Hit Points, double the number of Hit Points it restores.|PREABILITY:1,CATEGORY=Attunement,Periapt of Wound Closure	DEFINE:Attunement_Periapt_Of_Wound_Closure|0	BONUS:VAR|Attunement_Periapt_Of_Wound_Closure|1	SPROP:Not attuned to Item|!PREABILITY:1,CATEGORY=Attunement,Periapt of Wound Closure
Philter of Love		TYPE:Wondrous Item.Vial.Potion.Attunement		WT:0	SOURCEPAGE:DMG	EQMOD:MAGIC_ITEM_UNCOMMON	SPROP:After drinking this philter, you are charmed by that creature and have the Charmed condition for 1 hour.
Pipe of Smoke Monsters		TYPE:Wondrous Item.Musical Instruments		WT:0	SOURCEPAGE:DMG	EQMOD:MAGIC_ITEM_COMMON	SPROP:While smoking this pipe, you can take a Magic action to exhale a puff of smoke that takes the form of a creature, such as a dragon, a flumph, or a slaad.
Pipe of Haunting		TYPE:Wondrous Item.Musical Instruments		WT:0	SOURCEPAGE:DMG	EQMOD:MAGIC_ITEM_UNCOMMON.CHARGED_ITEM_3|3	SPROP:You can take a Magic action to play them and expend I charge to create an eerie, spellbinding tune.
Pipe of the Sewers		TYPE:Wondrous Item.Musical instrument.Attunement		WT:0	SOURCEPAGE:DMG	EQMOD:MAGIC_ITEM_UNCOMMON.CHARGED_ITEM_3|3	SPROP:While these pipes are on your person, ordinary rats and giant rats are Indifferent toward you and won't attack you unless you threaten or harm them..|PREABILITY:1,CATEGORY=Attunement,Pipe of the Sewers	DEFINE:Attunement_Pipe_Of_The_Sewers|0	BONUS:VAR|Attunement_Pipe_Of_The_Sewers|1	SPROP:Not attuned to Item|!PREABILITY:1,CATEGORY=Attunement,Pipe of the Sewers
Plate Armor of Etherealness.MOD		TYPE:Wondrous Item.Attunement			SOURCEPAGE:DMG	EQMOD:MAGIC_ITEM_LEGENDARY	SPROP:While you're wearing this armor, you can take a Magic action and use a command word to gain the effect of the Etherealness spell.|PREABILITY:1,CATEGORY=Attunement,Plate Armor of Etherealness	DEFINE:Attunement_Plate_Armor_Of_Etherealness|0	BONUS:VAR|Attunement_Plate_Armor_Of_Etherealness|1	SPROP:Not attuned to Item|!PREABILITY:1,CATEGORY=Attunement,Plate Armor of Etherealness
Half Plate Armor of Etherealness.MOD		TYPE:Wondrous Item.Attunement			SOURCEPAGE:DMG	EQMOD:MAGIC_ITEM_LEGENDARY	SPROP:While you're wearing this armor, you can take a Magic action and use a command word to gain the effect of the Etherealness spell.|PREABILITY:1,CATEGORY=Attunement,Half Plate Armor of Etherealness	DEFINE:Attunement_Half_Plate_Armor_Of_Etherealness|0	BONUS:VAR|Attunement_Half_Plate_Armor_Of_Etherealness|1	SPROP:Not attuned to Item|!PREABILITY:1,CATEGORY=Attunement,Half Plate Armor of Etherealness
Pole of Angling		TYPE:Wondrous Item		WT:0	SOURCEPAGE:DMG	EQMOD:MAGIC_ITEM_COMMON	SPROP:While holding it, you can take a Magic action to cause it to transform into a fishing pole with a hook, a line, and a reel, or have the fishing pole revert to a Pole.
Pole of Collapsing		TYPE:Wondrous Item		WT:0	SOURCEPAGE:DMG	EQMOD:MAGIC_ITEM_COMMON	SPROP:While holding it, you can take a Magic action to collapse it into a 1-foot-long rod for ease of storage (the pole’s weight doesn't change) or cause the 1-foot-long rod to revert to a Pole.
Portable Hole		TYPE:Wondrous Item		WT:0	SOURCEPAGE:DMG	EQMOD:MAGIC_ITEM_RARE	SPROPYou can take a Magic action to unfold a Portable Hole and place it on or against a solid surface, whereupon the Portable Hole creates an extradimensional hole 10 feet deep.
Potion of Animal Friendship		TYPE:Wondrous Item.Potion.Consumable		WT:0	SOURCEPAGE:DMG	EQMOD:MAGIC_ITEM_UNCOMMON	SPROP:When you drink this potion, you can cast the level 3 version of the Animal Friendship spell (save DC 13).
Potion of Claivoyance		TYPE:Wondrous Item.Potion.Consumable		WT:0	SOURCEPAGE:DMG	EQMOD:MAGIC_ITEM_RARE	SPROP:When you drink this potion, you gain the effect of the Clairvoyance spell (no Concentration required).
Potion of Climbing		TYPE:Wondrous Item.Potion.Consumable		WT:0	SOURCEPAGE:DMG	EQMOD:MAGIC_ITEM_COMMON	SPROP:When you drink this potion, you gain a Climb Speed equal to your Speed for 1 hour. During this time, you have Advantage on Strength (Athletics) checks to climb.
Potion of Comprehension		TYPE:Wondrous Item.Potion.Consumable		WT:0	SOURCEPAGE:DMG	EQMOD:MAGIC_ITEM_COMMON	SPROP:When you drink this potion, you gain the effect of the Comprehend Languages spell for 1 hour.
Potion of Diminution		TYPE:Wondrous Item.Potion.Consumable		WT:0	SOURCEPAGE:DMG	EQMOD:MAGIC_ITEM_RARE	SPROPWhen you drink this potion, you gain the “reduce” effect of the Enlarge/Reduce spell for 1d4 hours (no Concentration required).
Potion of Fire Breath		TYPE:Wondrous Item.Potion.Consumable		WT:0	SOURCEPAGE:DMG	EQMOD:MAGIC_ITEM_UNCOMMON	SPROP:After drinking this potion, you can take a Bonus Action to exhale fire at a target within 30 feet of yourself. The target makes a DC 1 Dexterity saving throw, taking 4d6 Fire damage on a failed save or half as much damage on a successful one.
Potion of Flying		TYPE:Wondrous Item.Potion.Consumable		WT:0	SOURCEPAGE:DMG	EQMOD:MAGIC_ITEM_RARE	SPROP:When you drink this potion, you gain a Fly Speed equal to your Speed for 1 hour and can hover.
Potion of Gaseous Form		TYPE:Wondrous Item.Potion.Consumable		WT:0	SOURCEPAGE:DMG	EQMOD:MAGIC_ITEM_RARE	SPROP:When you drink this potion, you gain the effect of the Gaseous Form spell for1 hour (no Concentration required) or until you end the effect as a Bonus Action.
Potion of Giant Strength (Hill)		TYPE:Wondrous Item.Potion.Consumable		WT:0	SOURCEPAGE:DMG	EQMOD:MAGIC_ITEM_UNCOMMON	SPROP:When you drink this potion, your Strength score changes for 1 hour to 21. The potion has no effect on you if your Strength is equal to or greater than that score.
Potion of Giant Strength (Frost)		TYPE:Wondrous Item.Potion.Consumable		WT:0	SOURCEPAGE:DMG	EQMOD:MAGIC_ITEM_RARE	SPROP:When you drink this potion, your Strength score changes for 1 hour to 23. The potion has no effect on you if your Strength is equal to or greater than that score.
Potion of Giant Strength (Stone)		TYPE:Wondrous Item.Potion.Consumable		WT:0	SOURCEPAGE:DMG	EQMOD:MAGIC_ITEM_RARE	SPROP:When you drink this potion, your Strength score changes for 1 hour to 23. The potion has no effect on you if your Strength is equal to or greater than that score.
Potion of Giant Strength (Fire)		TYPE:Wondrous Item.Potion.Consumable		WT:0	SOURCEPAGE:DMG	EQMOD:MAGIC_ITEM_RARE	SPROP:When you drink this potion, your Strength score changes for 1 hour to 25. The potion has no effect on you if your Strength is equal to or greater than that score.
Potion of Giant Strength (Cloud)		TYPE:Wondrous Item.Potion.Consumable		WT:0	SOURCEPAGE:DMG	EQMOD:MAGIC_ITEM_VERY_RARE	SPROP:When you drink this potion, your Strength score changes for 1 hour to 27. The potion has no effect on you if your Strength is equal to or greater than that score.
Potion of Giant Strength (Storm)		TYPE:Wondrous Item.Potion.Consumable		WT:0	SOURCEPAGE:DMG	EQMOD:MAGIC_ITEM_LEGENDARY	SPROP:When you drink this potion, your Strength score changes for 1 hour to 29. The potion has no effect on you if your Strength is equal to or greater than that score.
Potion of Greater Invisibility		TYPE:Wondrous Item.Potion.Consumable		WT:0	SOURCEPAGE:DMG	EQMOD:MAGIC_ITEM_VERY_RARE	SPROP:This potion’s container looks empty but feels as though it holds liquid. When you drink the potion, you have the Invisible condition for 1 hour.
Potion of Growth		TYPE:Wondrous Item.Potion.Consumable		WT:0	SOURCEPAGE:DMG	EQMOD:MAGIC_ITEM_UNCOMMON	SPROP:When you drink this potion, you gain the “enlarge” effect of the Enlarge/Reduce spell for 10 minutes (no Concentration required).
Potion of Healing		TYPE:Wondrous Item.Potion.Consumable		WT:0	SOURCEPAGE:DMG	EQMOD:MAGIC_ITEM_COMMON	SPROP:You regain Hit Points when you drink this potion. The number of Hit Points is 2d4+2.
Potion of Greater Healing		TYPE:Wondrous Item.Potion.Consumable		WT:0	SOURCEPAGE:DMG	EQMOD:MAGIC_ITEM_UNCOMMON	SPROP:You regain Hit Points when you drink this potion. The number of Hit Points is 4d4+4.
Potion of Superior Healing		TYPE:Wondrous Item.Potion.Consumable		WT:0	SOURCEPAGE:DMG	EQMOD:MAGIC_ITEM_RARE	SPROP:You regain Hit Points when you drink this potion. The number of Hit Points is 8d4+8.
Potion of Supreme Healing		TYPE:Wondrous Item.Potion.Consumable		WT:0	SOURCEPAGE:DMG	EQMOD:MAGIC_ITEM_VERY_RARE	SPROP:You regain Hit Points when you drink this potion. The number of Hit Points is 10d4+20.
Potion of Heroism		TYPE:Wondrous Item.Potion.Consumable		WT:0	SOURCEPAGE:DMG	EQMOD:MAGIC_ITEM_RARE	SPROP:When you drink this potion, you gain 10 Temporary Hit Points that last for 1 hour. For the same duration, you are under the effect of the Bless spell (no Concentration required).
Potion of Invisibility		TYPE:Wondrous Item.Potion.Consumable		WT:0	SOURCEPAGE:DMG	EQMOD:MAGIC_ITEM_RARE	SPROP:This potion’s container looks empty but feels as though it holds liquid. When you drink the potion, you have the Invisible condition for 1 hour.
Potion of Invulnerability		TYPE:Wondrous Item.Potion.Consumable		WT:0	SOURCEPAGE:DMG	EQMOD:MAGIC_ITEM_RARE	SPROP:For 1 minute after you drink this potion, you have Resistance to all damage.
Potion of Longevity		TYPE:Wondrous Item.Potion.Consumable		WT:0	SOURCEPAGE:DMG	EQMOD:MAGIC_ITEM_VERY_RARE	SPROP:When you drink this potion, your physical age is reduced by 1d6 + 6 years, to a minimum of 13 years. Each time you subsequently drink a Potion of Longevity, there is 10 percent cumulative chance that you instead age by 1d6 + 6 years.
Potion of Mind Reading		TYPE:Wondrous Item.Potion.Consumable		WT:0	SOURCEPAGE:DMG	EQMOD:MAGIC_ITEM_RARE	SPROP:When you drink this potion, you gain the effect of the Detect Thoughts spell (save DC 13) for 10 minutes (no Concentration required).
Potion of Poison		TYPE:Wondrous Item.Potion.Consumable		WT:0	SOURCEPAGE:DMG	EQMOD:MAGIC_ITEM_UNCOMMON	SPROP:This concoction looks, smells, and tastes like a Potion of Healing or another beneficial potion. However, it is actually poison masked by illusion magic. Identify reveals its true nature. you drink this potion, you take 4d6 Poison damage and must succeed on a DC 13 Constitution saving throw or have the Poisoned condition for 1 hour.
Potion of Pugilism		TYPE:Wondrous Item.Potion.Consumable		WT:0	SOURCEPAGE:DMG	EQMOD:MAGIC_ITEM_UNCOMMON	SPROP:After you drink this potion, each Unarmed Strike you make deals an extra 1d6 Force damage on a hit. This effect lasts 10 minutes.
Potion of Resistance (Acid)		TYPE:Wondrous Item.Potion.Consumable		WT:0	SOURCEPAGE:DMG	EQMOD:MAGIC_ITEM_UNCOMMON	SPROP:When you drink this potion, you have Resistance to one type of damage for 1 hour. The DM chooses the type or determines it randomly by rolling on the following table.
Potion of Resistance (Cold)		TYPE:Wondrous Item.Potion.Consumable		WT:0	SOURCEPAGE:DMG	EQMOD:MAGIC_ITEM_UNCOMMON	SPROP:When you drink this potion, you have Resistance to one type of damage for 1 hour. The DM chooses the type or determines it randomly by rolling on the following table.
Potion of Resistance (Fire)		TYPE:Wondrous Item.Potion.Consumable		WT:0	SOURCEPAGE:DMG	EQMOD:MAGIC_ITEM_UNCOMMON	SPROP:When you drink this potion, you have Resistance to one type of damage for 1 hour. The DM chooses the type or determines it randomly by rolling on the following table.
Potion of Resistance (Force)		TYPE:Wondrous Item.Potion.Consumable		WT:0	SOURCEPAGE:DMG	EQMOD:MAGIC_ITEM_UNCOMMON	SPROP:When you drink this potion, you have Resistance to one type of damage for 1 hour. The DM chooses the type or determines it randomly by rolling on the following table.
Potion of Resistance (Lightning)		TYPE:Wondrous Item.Potion.Consumable		WT:0	SOURCEPAGE:DMG	EQMOD:MAGIC_ITEM_UNCOMMON	SPROP:When you drink this potion, you have Resistance to one type of damage for 1 hour. The DM chooses the type or determines it randomly by rolling on the following table.
Potion of Resistance (Necrotic)		TYPE:Wondrous Item.Potion.Consumable		WT:0	SOURCEPAGE:DMG	EQMOD:MAGIC_ITEM_UNCOMMON	SPROP:When you drink this potion, you have Resistance to one type of damage for 1 hour. The DM chooses the type or determines it randomly by rolling on the following table.
Potion of Resistance (Poison)		TYPE:Wondrous Item.Potion.Consumable		WT:0	SOURCEPAGE:DMG	EQMOD:MAGIC_ITEM_UNCOMMON	SPROP:When you drink this potion, you have Resistance to one type of damage for 1 hour. The DM chooses the type or determines it randomly by rolling on the following table.
Potion of Resistance (Psychic)		TYPE:Wondrous Item.Potion.Consumable		WT:0	SOURCEPAGE:DMG	EQMOD:MAGIC_ITEM_UNCOMMON	SPROP:When you drink this potion, you have Resistance to one type of damage for 1 hour. The DM chooses the type or determines it randomly by rolling on the following table.
Potion of Resistance (Radiant)		TYPE:Wondrous Item.Potion.Consumable		WT:0	SOURCEPAGE:DMG	EQMOD:MAGIC_ITEM_UNCOMMON	SPROP:When you drink this potion, you have Resistance to one type of damage for 1 hour. The DM chooses the type or determines it randomly by rolling on the following table.
Potion of Resistance (Thunder)		TYPE:Wondrous Item.Potion.Consumable		WT:0	SOURCEPAGE:DMG	EQMOD:MAGIC_ITEM_UNCOMMON	SPROP:When you drink this potion, you have Resistance to one type of damage for 1 hour. The DM chooses the type or determines it randomly by rolling on the following table.
Potion of Speed		TYPE:Wondrous Item.Potion.Consumable		WT:0	SOURCEPAGE:DMG	EQMOD:MAGIC_ITEM_VERY_RARE	SPROP:‘When you drink this potion, you gain the effect of the Haste spell for 1 minute (no Concentration required) without suffering the wave of lethargy that typically occurs when the effect ends.
Potion of Vitality		TYPE:Wondrous Item.Potion.Consumable		WT:0	SOURCEPAGE:DMG	EQMOD:MAGIC_ITEM_VERY_RARE	SPROP:When you drink this potion, it removes any Exhaustion levels you have and ends the Poisoned condition on you. For the next 24 hours, you regain, the maximum number of Hit Points for any Hit Point Die you spend.
Potion of Water Breathing		TYPE:Wondrous Item.Potion.Consumable		WT:0	SOURCEPAGE:DMG	EQMOD:MAGIC_ITEM_UNCOMMON	SPROP:You can breathe underwater for 24 hours after drinking this potion.
Pot of Awakening		TYPE:Wondrous Item.Consumable		WT:0	SOURCEPAGE:DMG	EQMOD:MAGIC_ITEM_COMMON	SPROP:Ifyou plant an ordinary shrub in this 10-pound clay pot and let it grow for 30 days, the shrub magically transforms into an Awakened Shrub at the end of that time. When the shrub awakens, its roots break the pot, destroying it.
Prosthetic Arm		TYPE:Wondrous Item.Prosthetic		WT:0	SOURCEPAGE:DMG	EQMOD:MAGIC_ITEM_COMMON	SPROP:This magic item replaces a lost limb—a hand, an arm, a foot, a leg, or a similar body part.
Prosthetic Hand		TYPE:Wondrous Item.Prosthetic		WT:0	SOURCEPAGE:DMG	EQMOD:MAGIC_ITEM_COMMON	SPROP:This magic item replaces a lost limb—a hand, an arm, a foot, a leg, or a similar body part.
Prosthetic Leg		TYPE:Wondrous Item.Prosthetic		WT:0	SOURCEPAGE:DMG	EQMOD:MAGIC_ITEM_COMMON	SPROP:This magic item replaces a lost limb—a hand, an arm, a foot, a leg, or a similar body part.
Prosthetic Foot		TYPE:Wondrous Item.Prosthetic		WT:0	SOURCEPAGE:DMG	EQMOD:MAGIC_ITEM_COMMON	SPROP:This magic item replaces a lost limb—a hand, an arm, a foot, a leg, or a similar body part.
Quaal's Feather Token (Anchor)		TYPE:Wondrous Item		WT:0	SOURCEPAGE:DMG	EQMOD:MAGIC_ITEM_UNCOMMON	SPROP:This object looks like a feather.
Quaal's Feather Token (Bird)		TYPE:Wondrous Item		WT:0	SOURCEPAGE:DMG	EQMOD:MAGIC_ITEM_RARE	SPROP:This object looks like a feather.
Quaal's Feather Token (Fan)		TYPE:Wondrous Item		WT:0	SOURCEPAGE:DMG	EQMOD:MAGIC_ITEM_UNCOMMON	SPROP:This object looks like a feather.
Quaal's Feather Token (Swan Boat)		TYPE:Wondrous Item		WT:0	SOURCEPAGE:DMG	EQMOD:MAGIC_ITEM_RARE	SPROP:This object looks like a feather.
Quaal's Feather Token (Tree)		TYPE:Wondrous Item		WT:0	SOURCEPAGE:DMG	EQMOD:MAGIC_ITEM_UNCOMMON	SPROP:This object looks like a feather.
Quaal's Feather Token (Whip)		TYPE:Wondrous Item		WT:0	SOURCEPAGE:DMG	EQMOD:MAGIC_ITEM_RARE	SPROP:This object looks like a feather.
Quarterstaff of Acrobat.MOD		TYPE:Wondrous Item.Attunement			SOURCEPAGE:DMG	EQMOD:MAGIC_ITEM_VERY_RARE.PLUS2W.M_THROWN	SPROP:You have a +2 bonus to attack rolls and damage rolls made with this magic weapon. While holding this weapon, you can cause it to emit green Dim Light out to 10 feet, either as a Bonus Action or after you roll Initiative, or you can extinguish the light as a Bonus Action.|PREABILITY:1,CATEGORY=Attunement,Quarterstaff of Acrobat	DEFINE:Attunement_Quarterstaff_Of_Acrobat|0	BONUS:VAR|Attunement_Quarterstaff_Of_Acrobat|0|1	SPROP:Not attuned to Item|!PREABILITY:1,CATEGORY=Attunement,Quarterstaff of Acrobat
Quiver of Ehlonna		TYPE:Wondrous Item.Container		WT:0	SOURCEPAGE:DMG	EQMOD:MAGIC_ITEM_UNCOMMON	SPROP:Each of the quiver’s three compartments connects ton extradimensional space that allows the quiver to hold numerous items while never weighing more than 2 pounds.	CONTAINS:*60|Arrow=60|Bolt=60|Total=60	CONTAINS:*18|Javelin=18|Total=18	CONTAINS:*6|Bow=6|Quarterstaff=6|Spear=6|Total=6
Ring of Animal Influence		TYPE:Wondrous Item.Ring		WT:0	SOURCEPAGE:DMG	EQMOD:MAGIC_ITEM_RARE.CHARGED_ITEM_3|3	SPROP:This ring has 3 charges, and it regains 143 expended charges daily at dawn.	SPELLS:Ring of Animal Influence|TIMES=3|CASTERLEVEL=1|Animal Friendship,13|Fear ~ Beast only,13|Speak with Animals)
Rinf of DJunni Summoning		TYPE:Wondrous Item.Ring.Attunement		WT:0	SOURCEPAGE:DMG	EQMOD:MAGIC_ITEM_LEGENDARY	SPROP:While wearing this ring, you can take a Magic action to summon a particular Djinni from the Elemental Plane of Air.|PREABILITY:1,CATEGORY=Attunement,Ring of Djinni Summoning	DEFINE:Attunement_Ring_Of_Djinni_Summoning|0	BONUS:VAR|Attunement_Ring_Of_Djinni_Summoning|1	SPROP:Not attuned to Item|!PREABILITY:1,CATEGORY=Attunement,Ring of Djinni Summoning
Ring of Elemental Command (Air)		TYPE:Wondrous Item.Ring.Attunement		WT:0	SOURCEPAGE:DMG	EQMOD:MAGIC_ITEM_LEGENDARY.CHARGED_ITEM_5|5	SPROP:Each Ring of Elemental Command is linked to one of the four Elemental Planes.|PREABILITY:1,CATEGORY=Attunement,Ring of Elemental Command (Air)	DEFINE:Attunement_Ring_Of_Elemental_Command_Air|0	BONUS:VAR|Attunement_Ring_Of_Elemental_Command_Air|1	SPROP:Not attuned to Item|!PREABILITY:1,CATEGORY=Attunement,Ring of Elemental Command (Air)
Ring of Elemental Command (Fire)		TYPE:Wondrous Item.Ring.Attunement		WT:0	SOURCEPAGE:DMG	EQMOD:MAGIC_ITEM_LEGENDARY.CHARGED_ITEM_5|5	SPROP:Each Ring of Elemental Command is linked to one of the four Elemental Planes.|PREABILITY:1,CATEGORY=Attunement,Ring of Elemental Command (Fire)	DEFINE:Attunement_Ring_Of_Elemental_Command_Fire|0	BONUS:VAR|Attunement_Ring_Of_Elemental_Command_Fire|1	SPROP:Not attuned to Item|!PREABILITY:1,CATEGORY=Attunement,Ring of Elemental Command (Fire)
Ring of Elemental Command (Earth)		TYPE:Wondrous Item.Ring.Attunement		WT:0	SOURCEPAGE:DMG	EQMOD:MAGIC_ITEM_LEGENDARY.CHARGED_ITEM_5|5	SPROP:Each Ring of Elemental Command is linked to one of the four Elemental Planes.|PREABILITY:1,CATEGORY=Attunement,Ring of Elemental Command (Earth)	DEFINE:Attunement_Ring_Of_Elemental_Command_Earth|0	BONUS:VAR|Attunement_Ring_Of_Elemental_Command_Earth|1	SPROP:Not attuned to Item|!PREABILITY:1,CATEGORY=Attunement,Ring of Elemental Command (Earth)
Ring of Elemental Command (Water)		TYPE:Wondrous Item.Ring.Attunement		WT:0	SOURCEPAGE:DMG	EQMOD:MAGIC_ITEM_LEGENDARY.CHARGED_ITEM_5|5	SPROP:Each Ring of Elemental Command is linked to one of the four Elemental Planes.|PREABILITY:1,CATEGORY=Attunement,Ring of Elemental Command (Water)	DEFINE:Attunement_Ring_Of_Elemental_Command_Water|0	BONUS:VAR|Attunement_Ring_Of_Elemental_Command_Water|1	SPROP:Not attuned to Item|!PREABILITY:1,CATEGORY=Attunement,Ring of Elemental Command (Water)
Ring of Evasion		TYPE:Wondrous Item.Ring.Attunement		WT:0	SOURCEPAGE:DMG	EQMOD:MAGIC_ITEM_RARE.CHARGED_ITEM_3|3	SPROP:When you fail a Dexterity saving throw while wearing the ring, you can take a Reaction to expend 1 charge to succeed on that save instead.|PREABILITY:1,CATEGORY=Attunement,Ring of Evasion	DEFINE:Attunement_Ring_Of_Evasion|0	BONUS:VAR|Attunement_Ring_Of_Evasion|1	SPROP:Not attuned to Item|!PREABILITY:1,CATEGORY=Attunement,Ring of Evasion
Ring of Feather Falling		TYPE:Wondrous Item.Ring.Attunement		WT:0	SOURCEPAGE:DMG	EQMOD:MAGIC_ITEM_RARE	SPROP:When you fall while wearing this ring, you descend 60 feet per round and take no damage from falling.|PREABILITY:1,CATEGORY=Attunement,Ring of Feather Falling	DEFINE:Attunement_Ring_Of_Feather_Falling|0	BONUS:VAR|Attunement_Ring_Of_Feather_Falling|1	SPROP:Not attuned to Item|!PREABILITY:1,CATEGORY=Attunement,Ring of Feather Falling
Ring of Free Action		TYPE:Wondrous Item.Ring.Attunement		WT:0	SOURCEPAGE:DMG	EQMOD:MAGIC_ITEM_RARE	SPROP:While you wear this ring, Difficult Terrain doesn't cost you extra movement. In addition, magic can neither reduce any of your Speeds nor cause you to have the Paralyzed or Restrained condition.|PREABILITY:1,CATEGORY=Attunement,Ring of Free Action	DEFINE:Attunement_Ring_Of_Free_Action|0	BONUS:VAR|Attunement_Ring_Of_Free_Action|1	SPROP:Not attuned to Item|!PREABILITY:1,CATEGORY=Attunement,Ring of Free Action
Ring of Invisibility		TYPE:Wondrous Item.Ring.Attunement		WT:0	SOURCEPAGE:DMG	EQMOD:MAGIC_ITEM_LEGENDARY	SPROP:While wearing this ring, you can take a Magic action to give yourself the Invisible condition. You remain Invisible until the ring is removed or until you take a Bonus Action to become visible again.|PREABILITY:1,CATEGORY=Attunement,Ring of Invisibility	DEFINE:Attunement_Ring_Of_Invisibility|0	BONUS:VAR|Attunement_Ring_Of_Free_Action|1	SPROP:Not attuned to Item|!PREABILITY:1,CATEGORY=Attunement,Ring of Invisibility
Ring of Jumping		TYPE:Wondrous Item.Ring.Attunement		WT:0	SOURCEPAGE:DMG	EQMOD:MAGIC_ITEM_UNCOMMON	SPROP:While wearing this ring, you can cast Jump from it, but can target only yourself when you do so.|PREABILITY:1,CATEGORY=Attunement,Ring of Jumping	DEFINE:Attunement_Ring_Of_Jumping|0	BONUS:VAR|Attunement_Ring_Of_Jumping|1	SPROP:Not attuned to Item|!PREABILITY:1,CATEGORY=Attunement,Ring of Jumping
Ring of Mind Shielding		TYPE:Wondrous Item.Ring.Attunement		WT:0	SOURCEPAGE:DMG	EQMOD:MAGIC_ITEM_UNCOMMON	SPROP:While wearing this ring, you are immune to magic that allows other creatures to read your thoughts, determine whether you are lying, know your alignment, or know your creature type.|PREABILITY:1,CATEGORY=Attunement,Ring of Mind Shielding	DEFINE:Attunement_Ring_Of_Mind_Shielding|0	BONUS:VAR|Attunement_Ring_Of_Mind_Shielding|1	SPROP:Not attuned to Item|!PREABILITY:1,CATEGORY=Attunement,Ring of Mind Shielding
Ring of Protection +1		TYPE:Wondrous Item.Ring.Attunement		WT:0	SOURCEPAGE:DMG	EQMOD:MAGIC_ITEM_RARE	SPROP:You gain a +1 bonus to Armor Class and saving throws while wearing this ring.|PREABILITY:1,CATEGORY=Attunement,Ring of Protection +1	DEFINE:Attunement_Ring_Of_Protection_1|0	BONUS:VAR|Attunement_Ring_Of_Protection_1|1	SPROP:Not attuned to Item|!PREABILITY:1,CATEGORY=Attunement,Ring of Protection +1
Ring of Regeneration		TYPE:Wondrous Item.Ring.Attunement		WT:0	SOURCEPAGE:DMG	EQMOD:MAGIC_ITEM_VERY_RARE	SPROP:While wearing this ring, you regain 1d6 Hit Points every 10 minutes if you have at least 1 Hit Point.|PREABILITY:1,CATEGORY=Attunement,Ring of Regeneration	DEFINE:Attunement_Ring_Of_Regeneration|0	BONUS:VAR|Attunement_Ring_Of_Regeneration|1	SPROP:Not attuned to Item|!PREABILITY:1,CATEGORY=Attunement,Ring of Regeneration
Ring of Resistance (Acid)		TYPE:Wondrous Item.Ring		WT:0	SOURCEPAGE:DMG	EQMOD:MAGIC_ITEM_UNCOMMON	SPROP:You have Resistance to one damage type while wearing this ring.
Ring of Resistance (Cold)		TYPE:Wondrous Item.Ring		WT:0	SOURCEPAGE:DMG	EQMOD:MAGIC_ITEM_UNCOMMON	SPROP:You have Resistance to one damage type while wearing this ring.
Ring of Resistance (Fire)		TYPE:Wondrous Item.Ring		WT:0	SOURCEPAGE:DMG	EQMOD:MAGIC_ITEM_UNCOMMON	SPROP:You have Resistance to one damage type while wearing this ring.
Ring of Resistance (Force)		TYPE:Wondrous Item.Ring		WT:0	SOURCEPAGE:DMG	EQMOD:MAGIC_ITEM_UNCOMMON	SPROP:You have Resistance to one damage type while wearing this ring.
Ring of Resistance (Lightning)		TYPE:Wondrous Item.Ring		WT:0	SOURCEPAGE:DMG	EQMOD:MAGIC_ITEM_UNCOMMON	SPROP:You have Resistance to one damage type while wearing this ring.
Ring of Resistance (Necrotic)		TYPE:Wondrous Item.Ring		WT:0	SOURCEPAGE:DMG	EQMOD:MAGIC_ITEM_UNCOMMON	SPROP:You have Resistance to one damage type while wearing this ring.
Ring of Resistance (Poison)		TYPE:Wondrous Item.Ring		WT:0	SOURCEPAGE:DMG	EQMOD:MAGIC_ITEM_UNCOMMON	SPROP:You have Resistance to one damage type while wearing this ring.
Ring of Resistance (Psychic)		TYPE:Wondrous Item.Ring		WT:0	SOURCEPAGE:DMG	EQMOD:MAGIC_ITEM_UNCOMMON	SPROP:You have Resistance to one damage type while wearing this ring.
Ring of Resistance (Radiant)		TYPE:Wondrous Item.Ring		WT:0	SOURCEPAGE:DMG	EQMOD:MAGIC_ITEM_UNCOMMON	SPROP:You have Resistance to one damage type while wearing this ring.
Ring of Resistance (Thunder)		TYPE:Wondrous Item.Ring		WT:0	SOURCEPAGE:DMG	EQMOD:MAGIC_ITEM_UNCOMMON	SPROP:You have Resistance to one damage type while wearing this ring.
Ring of Shooting Stars		TYPE:Wondrous Item.Ring.Attunement		WT:0	SOURCEPAGE:DMG	EQMOD:MAGIC_ITEM_VERY_RARE	SPROP:You can cast Dancing Lights or Light from the ring.|PREABILITY:1,CATEGORY=Attunement,Ring of Shooting Stars	DEFINE:Attunement_Ring_Of_Shooting_Stars|0	BONUS:VAR|Attunement_Ring_Of_Shooting_Stars|1	SPROP:Not attuned to Item|!PREABILITY:1,CATEGORY=Attunement,Ring of Shooting Stars
Ring of Spell Storing		TYPE:Wondrous Item.Ring.Spellbook.Attunement		WT:0	SOURCEPAGE:DMG	EQMOD:MAGIC_ITEM_RARE	SPROP:This ring stores spells cast into it, holding them until the attuned wearer uses them. The ring can store up to 5 levels worth of spells at a time.|PREABILITY:1,CATEGORY=Attunement,Ring of Spell Storing	DEFINE:Attunement_Ring_Of_Spell_Storing|0	BONUS:VAR|Attunement_Ring_Of_Spell_Storing|1	SPROP:Not attuned to Item|!PREABILITY:1,CATEGORY=Attunement,Ring of Spell Storing	NUMPAGES:5	PAGEUSAGE:max(SPELLLEVEL,1)
Ring of Spell Turning		TYPE:Wondrous Item.Ring.Spellbook.Attunement		WT:0	SOURCEPAGE:DMG	EQMOD:MAGIC_ITEM_LEGENDARY	SPROP:While wearing this ring, you have Advantage on saving throws against spells. If you succeed on the save for a spell of level 7 or lower, the spell has no effect on you.|PREABILITY:1,CATEGORY=Attunement,Ring of Spell Turning	DEFINE:Attunement_Ring_Of_Spell_Turning|0	BONUS:VAR|Attunement_Ring_Of_Spell_Turning|1	SPROP:Not attuned to Item|!PREABILITY:1,CATEGORY=Attunement,Ring of Spell Turning
Ring of Swimming		TYPE:Wondrous Item.Ring		WT:0	SOURCEPAGE:DMG	EQMOD:MAGIC_ITEM_UNCOMMON	SPROP:You have a Swim Speed of 40 feet while wearing this ring.	MOVE:Swim,40
Ring of Telekinesis		TYPE:Wondrous Item.Ring.Attunement		WT:0	SOURCEPAGE:DMG	EQMOD:MAGIC_ITEM_VERY_RARE	SPROP:While wearing this ring, you can cast Telekinesis from it.|PREABILITY:1,CATEGORY=Attunement,Ring of Telekinesis	DEFINE:Attunement_Ring_Of_Telekinesis|0	BONUS:VAR|Attunement_Ring_Of_Telekinesis|1	SPROP:Not attuned to Item|!PREABILITY:1,CATEGORY=Attunement,Ring of Telekinesis
Ring of the Ram		TYPE:Wondrous Item.Ring.Attunement		WT:0	SOURCEPAGE:DMG	EQMOD:MAGIC_ITEM_RARE.CHARGED_ITEM_3|3	SPROP:While wearing the ring, you can take a Magic action to expend 1 to 3 charges to make a ranged spell attack against one creature you can see within 60 feet of yourself.|PREABILITY:1,CATEGORY=Attunement,Ring of the Ram	DEFINE:Attunement_Ring_Of_The_Ram|0	BONUS:VAR|Attunement_Ring_Of_The_Ram|1	SPROP:Not attuned to Item|!PREABILITY:1,CATEGORY=Attunement,Ring of the Ram
Ring of Three Whishes		TYPE:Wondrous Item.Ring.Consumable		WT:0	SOURCEPAGE:DMG	EQMOD:MAGIC_ITEM_RARE.CHARGED_ITEM_3|3	SPROP:While wearing this ring, you can expend 1 of its 3 charges to cast Wish from it.
Ring of Warmth		TYPE:Wondrous Item.Ring.Attunement		WT:0	SOURCEPAGE:DMG	EQMOD:MAGIC_ITEM_UNCOMMON	SPROP:If you take Cold damage while wearing this ring, the ring reduces the damage you take by 2d8..|PREABILITY:1,CATEGORY=Attunement,Ring of Warmth	DEFINE:Attunement_Ring_Of_Warmth|0	BONUS:VAR|Attunement_Ring_Of_Warmth|1	SPROP:Not attuned to Item|!PREABILITY:1,CATEGORY=Attunement,Ring of Warmth
Ring of Water Walking		TYPE:Wondrous Item.Ring		WT:0	SOURCEPAGE:DMG	EQMOD:MAGIC_ITEM_UNCOMMON	SPROP:While wearing this ring, you cast Water Walk from it, targeting only yourself.	SPELLS:Ring of Water Walking|TIMES=ATWILL|CASTERLEVEL=1|Water Walk
Ring of X-Ray Vision		TYPE:Wondrous Item.Ring.Attunement		WT:0	SOURCEPAGE:DMG	EQMOD:MAGIC_ITEM_RARE	SPROP:While wearing this ring, you can take a Magic action to gain X-ray vision with a range of 30 feet for 1 minute.|PREABILITY:1,CATEGORY=Attunement,Ring of X-Ray Vision	DEFINE:Attunement_Ring_Of_X_Ray_Vision|0	BONUS:VAR|Attunement_Ring_Of_X_Ray_Vision|1	SPROP:Not attuned to Item|!PREABILITY:1,CATEGORY=Attunement,Ring of X-Ray Vision
Rival Coin		TYPE:Wondrous Item.Coin		WT:0	SOURCEPAGE:DMG	EQMOD:MAGIC_ITEM_COMMON.CHARGED_ITEM_1|1	SPROP:This gold coin has a creature embossed on each side. The two depicted creatures must be famous rivals or enemies of each other.
Robe of Eyes		TYPE:Wondrous Item.Robe.Attunement		WT:0	SOURCEPAGE:DMG	EQMOD:MAGIC_ITEM_RARE	SPROP:This robe is adorned with eyelike patterns.|PREABILITY:1,CATEGORY=Attunement,Robe of Eyes	DEFINE:Attunement_Robe_Of_Eyes|0	BONUS:VAR|Attunement_Robe_Of_Eyes|1	SPROP:Not attuned to Item|!PREABILITY:1,CATEGORY=Attunement,Robe of Eyes
Robe of Scintillating Colors		TYPE:Wondrous Item.Robe.Attunement		WT:0	SOURCEPAGE:DMG	EQMOD:MAGIC_ITEM_VERY_RARE.CHARGED_ITEM_3|3	SPROP:While you wear it, you can take a Magic Action and expend 1 charge to cause the garment to display a shifting pattern of dazzling hues until the end of your next turn.|PREABILITY:1,CATEGORY=Attunement,Robe of Scintillating Colors	DEFINE:Attunement_Robe_Of_Scintillating_Colors|0	BONUS:VAR|Attunement_Robe_Of_Scintillating_Colors|1	SPROP:Not attuned to Item|!PREABILITY:1,CATEGORY=Attunement,Robe of Scintillating Colors
Robe of Stars		TYPE:Wondrous Item.Robe.Attunement		WT:0	SOURCEPAGE:DMG	EQMOD:MAGIC_ITEM_VERY_RARE	SPROP:You gain a +1 bonus to saving throws while you wear.|PREABILITY:1,CATEGORY=Attunement,Robe of Stars	DEFINE:Attunement_Robe_Of_Stars|0	BONUS:VAR|Attunement_Robe_Of_Stars|1	SPROP:Not attuned to Item|!PREABILITY:1,CATEGORY=Attunement,Robe of Stars
Robe of Archmagi		TYPE:Wondrous Item.Robe.Attunement		WT:0	SOURCEPAGE:DMG	EQMOD:MAGIC_ITEM_LEGENDARY	SPROP:Armor. If you aren't wearing armor, your base Armor Class is 15 plus your Dexterity modifier. &nl; Magic Resistance. You have Advantage on saving throws against spells and other magical effects. &nl; War Mage. Your spell save DC and spell attack bonus each increase by 2.|PREABILITY:1,CATEGORY=Attunement,Robe of Archmagi	DEFINE:Attunement_Robe_Of_Archmagi|0	BONUS:VAR|Attunement_Robe_Of_Archmagi|1	SPROP:Not attuned to Item|!PREABILITY:1,CATEGORY=Attunement,Robe of Archmagi
#[name]		TYPE:Wondrous Item.Neckwear.Attunement		WT:0	SOURCEPAGE:DMG	EQMOD:MAGIC_ITEM_RARE	SPROP:Your.|PREABILITY:1,CATEGORY=Attunement,Amulet Of Health	DEFINE:Attunement_Amulet_Of_Health|0	BONUS:VAR|Attunement_Amulet_Of_Health|1	SPROP:Not attuned to Item|!PREABILITY:1,CATEGORY=Attunement,Amulet Of Health
#[name]		TYPE:Wondrous Item.Neckwear.Attunement		WT:0	SOURCEPAGE:DMG	EQMOD:MAGIC_ITEM_RARE	SPROP:Your.|PREABILITY:1,CATEGORY=Attunement,Amulet Of Health	DEFINE:Attunement_Amulet_Of_Health|0	BONUS:VAR|Attunement_Amulet_Of_Health|1	SPROP:Not attuned to Item|!PREABILITY:1,CATEGORY=Attunement,Amulet Of Health
#[name]		TYPE:Wondrous Item.Neckwear.Attunement		WT:0	SOURCEPAGE:DMG	EQMOD:MAGIC_ITEM_RARE	SPROP:Your.|PREABILITY:1,CATEGORY=Attunement,Amulet Of Health	DEFINE:Attunement_Amulet_Of_Health|0	BONUS:VAR|Attunement_Amulet_Of_Health|1	SPROP:Not attuned to Item|!PREABILITY:1,CATEGORY=Attunement,Amulet Of Health
#[name]		TYPE:Wondrous Item.Neckwear.Attunement		WT:0	SOURCEPAGE:DMG	EQMOD:MAGIC_ITEM_RARE	SPROP:Your.|PREABILITY:1,CATEGORY=Attunement,Amulet Of Health	DEFINE:Attunement_Amulet_Of_Health|0	BONUS:VAR|Attunement_Amulet_Of_Health|1	SPROP:Not attuned to Item|!PREABILITY:1,CATEGORY=Attunement,Amulet Of Health
#[name]		TYPE:Wondrous Item.Neckwear.Attunement		WT:0	SOURCEPAGE:DMG	EQMOD:MAGIC_ITEM_RARE	SPROP:Your.|PREABILITY:1,CATEGORY=Attunement,Amulet Of Health	DEFINE:Attunement_Amulet_Of_Health|0	BONUS:VAR|Attunement_Amulet_Of_Health|1	SPROP:Not attuned to Item|!PREABILITY:1,CATEGORY=Attunement,Amulet Of Health

###Block:Mantle of Prayer Beads
Bead of Blessing	TYPE:Prayer Beads	WT:0	SOURCEPAGE:DMG	EQMOD:CHARGED_ITEM_1|1	SPELLS:Bead of Prayer|TIMES=1|CASTERLEVEL=1|Bless
Bead of Curing	TYPE:Prayer Beads	WT:0	SOURCEPAGE:DMG	EQMOD:CHARGED_ITEM_1|1	SPELLS:Bead of Prayer|TIMES=1|CASTERLEVEL=2|Cure Wounds
Bead of Favor	TYPE:Prayer Beads	WT:0	SOURCEPAGE:DMG	EQMOD:CHARGED_ITEM_1|1	SPELLS:Bead of Prayer|TIMES=1|CASTERLEVEL=1|Greater Restoration
Bead of Smithing	TYPE:Prayer Beads	WT:0	SOURCEPAGE:DMG	EQMOD:CHARGED_ITEM_1|1	SPELLS:Bead of Prayer|TIMES=1|CASTERLEVEL=1|Shining Smite
Bead of Summons	TYPE:Prayer Beads	WT:0	SOURCEPAGE:DMG	EQMOD:CHARGED_ITEM_1|1	SPELLS:Bead of Prayer|TIMES=1|CASTERLEVEL=1|Guardian of Faith
Bead of Wind Walking	TYPE:Prayer Beads	WT:0	SOURCEPAGE:DMG	EQMOD:CHARGED_ITEM_1|1	SPELLS:Bead of Prayer|TIMES=1|CASTERLEVEL=1|Wind Walking
